,price,propertyType,operation,size,exterior,rooms,bathrooms,province,municipality,distance,status,newDevelopment,floor,district,hasLift,parkingSpace,size_MinMax,distance_MinMax,outliers_ifo_0.01_100,outliers_ifo_0.01_400,outliers_ifo_0.01_1000,outliers_ifo_0.01_2000,outliers_ifo_0.05_100,outliers_ifo_0.05_400,outliers_ifo_0.05_1000,outliers_ifo_0.05_2000,outliers_ifo_0.1_100,outliers_ifo_0.1_400,outliers_ifo_0.1_1000,outliers_ifo_0.1_2000,outliers_lof_0.01_20,outliers_lof_0.01_35,outliers_lof_0.01_50,outliers_lof_0.05_20,outliers_lof_0.05_35,outliers_lof_0.05_50,outliers_lof_0.1_20,outliers_lof_0.1_35,outliers_lof_0.1_50
0,750.0,flat,rent,60.0,True,1,1,Madrid,Madrid,7037.0,good,False,3,Hortaleza,True,desconocido,0.2150537634408602,0.121496818109301,1.0,1.0,1.0,1.0,1.0,1.0,1.0,1.0,1.0,1.0,1.0,1.0,1.0,1.0,1.0,1.0,1.0,1.0,1.0,1.0,1.0
1,750.0,flat,rent,70.0,True,2,1,Madrid,San Sebastián de los Reyes,16145.0,good,False,bj,Centro Urbano,False,desconocido,0.2688172043010753,0.2829489656639427,1.0,1.0,1.0,1.0,1.0,1.0,1.0,1.0,1.0,1.0,1.0,1.0,1.0,1.0,1.0,1.0,1.0,1.0,1.0,1.0,1.0
2,400.0,penthouse,rent,67.0,True,2,2,Madrid,Villamanrique de Tajo,55041.0,good,False,2,desconocido,False,desconocido,0.2526881720430107,0.9724354315494655,-1.0,-1.0,-1.0,-1.0,-1.0,-1.0,-1.0,-1.0,-1.0,-1.0,-1.0,-1.0,1.0,1.0,1.0,1.0,1.0,-1.0,1.0,1.0,-1.0
3,590.0,flat,rent,70.0,True,3,2,Madrid,Rascafría,56596.0,good,False,desconocido,desconocido,False,desconocido,0.2688172043010753,1.0,1.0,1.0,1.0,1.0,-1.0,-1.0,-1.0,-1.0,-1.0,-1.0,-1.0,-1.0,1.0,1.0,1.0,1.0,1.0,1.0,1.0,1.0,1.0
4,684.0,studio,rent,45.0,True,0,1,Madrid,Madrid,10656.0,desconocido,desconocido,desconocido,desconocido,desconocido,desconocido,0.1344086021505376,0.1856486979951429,1.0,1.0,1.0,1.0,1.0,1.0,1.0,1.0,1.0,1.0,1.0,1.0,1.0,1.0,1.0,1.0,1.0,1.0,1.0,1.0,-1.0
5,600.0,flat,rent,73.0,True,2,1,Madrid,Manzanares el Real,37062.0,good,False,3,desconocido,False,desconocido,0.2849462365591398,0.6537322957474342,1.0,1.0,1.0,1.0,1.0,1.0,1.0,1.0,1.0,1.0,1.0,1.0,1.0,1.0,1.0,1.0,1.0,1.0,1.0,1.0,1.0
6,600.0,duplex,rent,71.0,True,1,1,Madrid,Miraflores de la Sierra,44126.0,good,False,1,desconocido,False,desconocido,0.2741935483870968,0.7789516600783508,1.0,1.0,1.0,1.0,1.0,1.0,1.0,1.0,1.0,1.0,1.0,1.0,1.0,1.0,1.0,1.0,1.0,1.0,1.0,1.0,1.0
7,550.0,flat,rent,53.0,True,1,1,Madrid,Madrid,4008.0,good,False,1,Puente de Vallecas,False,desconocido,0.1774193548387097,0.067803520465141,1.0,1.0,1.0,1.0,1.0,1.0,1.0,1.0,-1.0,-1.0,-1.0,-1.0,1.0,1.0,1.0,1.0,1.0,1.0,1.0,1.0,1.0
8,700.0,studio,rent,28.0,True,0,1,Madrid,Madrid,5569.0,good,False,1,Ciudad Lineal,False,desconocido,0.043010752688172,0.0954744473791501,1.0,1.0,1.0,1.0,1.0,1.0,1.0,1.0,1.0,1.0,1.0,1.0,1.0,1.0,1.0,1.0,1.0,1.0,1.0,1.0,1.0
9,700.0,duplex,rent,86.0,True,2,1,Madrid,Galapagar,31153.0,good,False,3,Casco Antiguo,True,desconocido,0.3548387096774194,0.5489869356354032,1.0,1.0,1.0,1.0,1.0,1.0,1.0,1.0,1.0,1.0,1.0,1.0,1.0,1.0,1.0,1.0,1.0,1.0,1.0,1.0,1.0
10,700.0,flat,rent,45.0,False,1,1,Madrid,Madrid,2046.0,good,False,5,Moncloa,False,desconocido,0.1344086021505376,0.0330243029089039,1.0,1.0,1.0,1.0,1.0,1.0,1.0,1.0,1.0,1.0,1.0,1.0,1.0,1.0,1.0,1.0,1.0,1.0,1.0,1.0,1.0
11,550.0,flat,rent,54.0,True,2,1,Madrid,Arganda,26233.0,good,False,en,Centro,False,desconocido,0.1827956989247312,0.4617729955861238,1.0,1.0,1.0,1.0,1.0,1.0,1.0,1.0,1.0,-1.0,-1.0,-1.0,1.0,1.0,1.0,1.0,1.0,1.0,1.0,1.0,1.0
12,695.0,flat,rent,64.0,True,2,1,Madrid,San Sebastián de los Reyes,15747.0,good,False,1,Centro Urbano,False,desconocido,0.2365591397849462,0.2758938542534522,1.0,1.0,1.0,1.0,1.0,1.0,1.0,1.0,1.0,1.0,1.0,1.0,1.0,1.0,1.0,1.0,1.0,1.0,-1.0,-1.0,1.0
13,650.0,flat,rent,68.0,True,2,1,Madrid,San Lorenzo de el Escorial,42410.0,good,False,bj,Centro - Casco Histórico,False,desconocido,0.2580645161290322,0.7485331395245778,1.0,1.0,1.0,1.0,1.0,1.0,1.0,1.0,1.0,1.0,1.0,1.0,1.0,1.0,1.0,1.0,1.0,1.0,1.0,1.0,1.0
14,700.0,flat,rent,30.0,False,1,1,Madrid,Madrid,3247.0,good,False,1,Retiro,True,desconocido,0.053763440860215,0.0543137220144293,1.0,1.0,1.0,1.0,1.0,1.0,1.0,1.0,1.0,1.0,1.0,1.0,1.0,1.0,1.0,1.0,1.0,1.0,1.0,1.0,1.0
15,700.0,flat,rent,35.0,False,1,1,Madrid,Madrid,1894.0,good,False,1,Arganzuela,False,desconocido,0.0806451612903225,0.0303298885008774,1.0,1.0,1.0,1.0,1.0,1.0,1.0,1.0,1.0,1.0,1.0,1.0,1.0,1.0,1.0,1.0,1.0,1.0,1.0,1.0,1.0
16,700.0,flat,rent,43.0,True,1,1,Madrid,Madrid,4442.0,good,False,2,Latina,True,desconocido,0.1236559139784946,0.0754967826564798,1.0,1.0,1.0,1.0,1.0,1.0,1.0,1.0,1.0,1.0,1.0,1.0,1.0,1.0,1.0,1.0,1.0,1.0,1.0,1.0,1.0
17,650.0,flat,rent,60.0,True,2,1,Madrid,Madrid,3985.0,good,False,1,Puente de Vallecas,False,desconocido,0.2150537634408602,0.0673958130218212,1.0,1.0,1.0,1.0,1.0,1.0,1.0,1.0,1.0,1.0,1.0,1.0,1.0,1.0,1.0,1.0,1.0,1.0,1.0,1.0,1.0
18,650.0,chalet,rent,206.0,False,3,1,Madrid,Aldea del Fresno,43195.0,good,False,desconocido,desconocido,desconocido,desconocido,1.0,0.7624483718291883,-1.0,-1.0,-1.0,-1.0,-1.0,-1.0,-1.0,-1.0,-1.0,-1.0,-1.0,-1.0,1.0,1.0,1.0,1.0,1.0,1.0,1.0,1.0,1.0
19,700.0,flat,rent,105.0,True,3,2,Madrid,Aranjuez,44003.0,good,False,bj,Centro,False,desconocido,0.456989247311828,0.7767713115771189,1.0,1.0,1.0,1.0,1.0,1.0,1.0,1.0,-1.0,-1.0,-1.0,-1.0,1.0,1.0,1.0,1.0,1.0,1.0,1.0,1.0,1.0
20,695.0,flat,rent,40.0,False,1,1,Madrid,Madrid,2271.0,good,False,4,Barrio de Salamanca,True,desconocido,0.1075268817204301,0.0370127452892063,1.0,1.0,1.0,1.0,1.0,1.0,1.0,1.0,1.0,1.0,1.0,1.0,1.0,1.0,1.0,1.0,1.0,1.0,-1.0,-1.0,1.0
21,675.0,flat,rent,40.0,True,1,1,Madrid,Villanueva del Pardillo,23556.0,good,False,bj,Centro,False,"{'hasParkingSpace': True, 'isParkingSpaceIncludedInPrice': True}",0.1075268817204301,0.4143193944658146,1.0,1.0,1.0,1.0,1.0,1.0,1.0,1.0,1.0,1.0,1.0,1.0,1.0,1.0,1.0,1.0,1.0,1.0,1.0,1.0,-1.0
22,750.0,studio,rent,45.0,False,0,1,Madrid,Madrid,1027.0,good,False,bj,Centro,True,desconocido,0.1344086021505376,0.0149610905287788,1.0,1.0,1.0,1.0,1.0,1.0,1.0,1.0,1.0,1.0,1.0,1.0,1.0,1.0,1.0,1.0,1.0,1.0,1.0,1.0,1.0
23,750.0,flat,rent,99.0,True,3,2,Madrid,Aranjuez,43492.0,good,False,1,Centro,True,desconocido,0.424731182795699,0.7677131157711876,1.0,1.0,1.0,1.0,1.0,1.0,1.0,1.0,-1.0,-1.0,-1.0,-1.0,1.0,1.0,1.0,1.0,1.0,1.0,1.0,1.0,-1.0
24,680.0,flat,rent,38.0,False,1,1,Madrid,Madrid,2591.0,good,False,1,Retiro,True,desconocido,0.0967741935483871,0.0426851966745253,1.0,1.0,1.0,1.0,1.0,1.0,1.0,1.0,1.0,1.0,1.0,1.0,1.0,1.0,1.0,1.0,1.0,1.0,1.0,1.0,-1.0
25,750.0,flat,rent,51.0,True,1,1,Madrid,Madrid,11896.0,good,False,1,Barajas,True,"{'hasParkingSpace': True, 'isParkingSpaceIncludedInPrice': True}",0.1666666666666666,0.207629447113254,1.0,1.0,1.0,1.0,1.0,1.0,1.0,1.0,1.0,1.0,1.0,1.0,1.0,1.0,1.0,1.0,1.0,1.0,1.0,1.0,1.0
26,750.0,penthouse,rent,60.0,True,1,1,Madrid,Las Rozas de Madrid,21316.0,good,False,2,Las Matas- Peñascales,False,desconocido,0.2150537634408602,0.3746122347685817,1.0,1.0,1.0,1.0,1.0,1.0,1.0,1.0,1.0,1.0,1.0,1.0,1.0,1.0,1.0,1.0,1.0,1.0,1.0,1.0,1.0
27,750.0,studio,rent,25.0,False,0,1,Madrid,Madrid,533.0,good,False,4,Centro,True,desconocido,0.0268817204301075,0.0062042437026926,1.0,1.0,1.0,1.0,1.0,1.0,1.0,1.0,1.0,1.0,1.0,1.0,1.0,1.0,1.0,1.0,1.0,1.0,1.0,1.0,1.0
28,750.0,flat,rent,40.0,False,1,1,Madrid,Madrid,1989.0,good,False,1,Arganzuela,False,desconocido,0.1075268817204301,0.032013897505894,1.0,1.0,1.0,1.0,1.0,1.0,1.0,1.0,1.0,1.0,1.0,1.0,1.0,1.0,1.0,1.0,1.0,1.0,1.0,1.0,1.0
29,650.0,flat,rent,62.0,True,2,1,Madrid,Madrid,7841.0,good,False,1,Latina,False,desconocido,0.2258064516129032,0.135748852214915,1.0,1.0,1.0,1.0,1.0,1.0,1.0,1.0,1.0,1.0,1.0,1.0,1.0,1.0,1.0,1.0,1.0,1.0,1.0,1.0,1.0
30,750.0,studio,rent,30.0,True,0,1,Madrid,Madrid,935.0,good,False,3,Centro,False,desconocido,0.053763440860215,0.0133302607554996,1.0,1.0,1.0,1.0,1.0,1.0,1.0,1.0,1.0,1.0,1.0,1.0,1.0,1.0,1.0,1.0,1.0,1.0,1.0,1.0,1.0
31,750.0,flat,rent,39.0,False,1,1,Madrid,Madrid,2036.0,good,False,5,Chamberí,False,desconocido,0.1021505376344086,0.0328470388031127,1.0,1.0,1.0,1.0,1.0,1.0,1.0,1.0,1.0,1.0,1.0,1.0,1.0,1.0,1.0,1.0,1.0,1.0,1.0,1.0,1.0
32,700.0,flat,rent,62.0,True,2,1,Madrid,Madrid,8492.0,good,False,3,Villaverde,False,desconocido,0.2258064516129032,0.1472887455019233,1.0,1.0,1.0,1.0,1.0,1.0,1.0,1.0,1.0,1.0,1.0,1.0,1.0,1.0,1.0,1.0,1.0,1.0,1.0,1.0,1.0
33,747.0,flat,rent,96.0,True,3,2,Madrid,Navalcarnero,26611.0,good,False,1,La Dehesa - El Pinar,True,"{'hasParkingSpace': True, 'isParkingSpaceIncludedInPrice': True}",0.4086021505376344,0.4684735787850318,1.0,1.0,1.0,1.0,1.0,1.0,1.0,1.0,1.0,1.0,1.0,1.0,1.0,1.0,1.0,-1.0,-1.0,-1.0,-1.0,-1.0,-1.0
34,640.0,studio,rent,35.0,True,0,1,Madrid,Madrid,7324.0,good,False,1,Villaverde,True,"{'hasParkingSpace': True, 'isParkingSpaceIncludedInPrice': True}",0.0806451612903225,0.126584297945509,1.0,1.0,1.0,1.0,1.0,1.0,1.0,1.0,1.0,1.0,1.0,1.0,1.0,1.0,1.0,-1.0,1.0,1.0,-1.0,1.0,1.0
35,750.0,flat,rent,30.0,False,1,1,Madrid,Madrid,2133.0,good,False,st,Retiro,True,desconocido,0.053763440860215,0.0345665006292875,1.0,1.0,1.0,1.0,1.0,1.0,1.0,1.0,1.0,1.0,1.0,1.0,1.0,1.0,1.0,1.0,1.0,1.0,1.0,1.0,1.0
36,750.0,flat,rent,70.0,True,2,1,Madrid,Alcalá de Henares,28703.0,good,False,2,Reyes Católicos,True,"{'hasParkingSpace': True, 'isParkingSpaceIncludedInPrice': True}",0.2688172043010753,0.5055572297165547,1.0,1.0,1.0,1.0,1.0,1.0,1.0,1.0,1.0,1.0,1.0,1.0,1.0,1.0,1.0,1.0,1.0,1.0,1.0,1.0,1.0
37,625.0,flat,rent,52.0,True,2,1,Madrid,El Escorial,40445.0,good,False,2,Centro,False,desconocido,0.1720430107526881,0.7137007427366033,1.0,1.0,1.0,1.0,1.0,1.0,1.0,1.0,1.0,1.0,1.0,1.0,1.0,1.0,1.0,1.0,1.0,1.0,1.0,1.0,1.0
38,700.0,studio,rent,40.0,True,0,1,Madrid,Madrid,1431.0,good,False,3,Centro,True,desconocido,0.1075268817204301,0.022122560402744,1.0,1.0,1.0,1.0,1.0,1.0,1.0,1.0,1.0,1.0,1.0,1.0,1.0,1.0,1.0,1.0,1.0,1.0,1.0,1.0,1.0
39,750.0,studio,rent,40.0,True,0,1,Madrid,Madrid,2417.0,good,False,en,Arganzuela,True,desconocido,0.1075268817204301,0.0396008012337581,1.0,1.0,1.0,1.0,1.0,1.0,1.0,1.0,1.0,1.0,1.0,1.0,1.0,1.0,1.0,1.0,1.0,1.0,1.0,1.0,1.0
40,650.0,flat,rent,35.0,False,1,1,Madrid,Madrid,1121.0,good,False,2,Centro,True,desconocido,0.0806451612903225,0.0166273731232162,1.0,1.0,1.0,1.0,1.0,1.0,1.0,1.0,1.0,1.0,1.0,1.0,1.0,1.0,1.0,1.0,1.0,1.0,1.0,1.0,1.0
41,720.0,flat,rent,70.0,True,3,1,Madrid,Alcalá de Henares,29099.0,good,False,2,Chorrillo,False,desconocido,0.2688172043010753,0.512576888305887,1.0,1.0,1.0,1.0,1.0,1.0,1.0,1.0,1.0,1.0,1.0,1.0,1.0,1.0,1.0,1.0,1.0,1.0,1.0,1.0,1.0
42,699.0,flat,rent,52.0,True,1,1,Madrid,Madrid,7092.0,good,False,3,Puente de Vallecas,True,desconocido,0.1720430107526881,0.1224717706911527,1.0,1.0,1.0,1.0,1.0,1.0,1.0,1.0,1.0,1.0,1.0,1.0,1.0,1.0,1.0,1.0,1.0,1.0,-1.0,1.0,1.0
43,750.0,flat,rent,65.0,True,2,1,Madrid,Leganés,13081.0,good,False,desconocido,Valdepelayo - Montepinos - Arroyo Culebro,True,"{'hasParkingSpace': True, 'isParkingSpaceIncludedInPrice': True}",0.2419354838709677,0.2286352436495134,1.0,1.0,1.0,1.0,1.0,1.0,1.0,1.0,1.0,1.0,1.0,1.0,1.0,1.0,1.0,1.0,1.0,1.0,1.0,1.0,1.0
44,695.0,flat,rent,65.0,True,2,1,Madrid,Coslada,13904.0,good,False,desconocido,Valleaguado - La Cañada,True,desconocido,0.2419354838709677,0.2432240795561307,1.0,1.0,1.0,1.0,1.0,1.0,1.0,1.0,1.0,1.0,1.0,1.0,1.0,1.0,1.0,1.0,1.0,1.0,-1.0,-1.0,1.0
45,750.0,flat,rent,78.0,True,2,2,Madrid,Torrejón de Ardoz,19719.0,good,False,desconocido,Suroeste,True,"{'hasParkingSpace': True, 'isParkingSpaceIncludedInPrice': True}",0.3118279569892473,0.3463031570737241,1.0,1.0,1.0,1.0,1.0,1.0,1.0,1.0,1.0,1.0,1.0,1.0,1.0,1.0,1.0,1.0,1.0,1.0,1.0,1.0,1.0
46,620.0,flat,rent,60.0,True,2,1,Madrid,Madrid,7981.0,good,False,desconocido,Villaverde,False,desconocido,0.2150537634408602,0.138230549695992,1.0,1.0,1.0,1.0,1.0,1.0,1.0,1.0,1.0,1.0,1.0,1.0,1.0,1.0,1.0,1.0,1.0,1.0,1.0,1.0,1.0
47,500.0,studio,rent,28.0,False,0,1,Madrid,Madrid,769.0,good,False,1,Centro,False,desconocido,0.043010752688172,0.0103876765993653,1.0,1.0,1.0,1.0,-1.0,-1.0,-1.0,-1.0,-1.0,-1.0,-1.0,-1.0,1.0,1.0,1.0,1.0,1.0,1.0,1.0,1.0,-1.0
48,550.0,flat,rent,38.0,True,1,1,Madrid,Leganés,10938.0,good,False,desconocido,Centro,False,desconocido,0.0967741935483871,0.1906475457784553,1.0,1.0,1.0,1.0,1.0,1.0,1.0,1.0,-1.0,-1.0,-1.0,-1.0,1.0,1.0,1.0,1.0,1.0,1.0,1.0,1.0,1.0
49,750.0,flat,rent,46.0,False,1,1,Madrid,Madrid,1476.0,good,False,3,Arganzuela,True,desconocido,0.1397849462365591,0.0229202488788045,1.0,1.0,1.0,1.0,1.0,1.0,1.0,1.0,1.0,1.0,1.0,1.0,1.0,1.0,1.0,1.0,1.0,1.0,1.0,1.0,1.0
50,680.0,studio,rent,55.0,True,0,1,Madrid,Madrid,5097.0,good,False,bj,Ciudad Lineal,False,desconocido,0.1881720430107527,0.0871075815858046,1.0,1.0,1.0,1.0,1.0,1.0,1.0,1.0,1.0,1.0,1.0,1.0,1.0,1.0,1.0,1.0,1.0,1.0,1.0,1.0,-1.0
51,700.0,flat,rent,50.0,True,1,2,Madrid,Camarma de Esteruelas,32052.0,desconocido,desconocido,desconocido,desconocido,desconocido,desconocido,0.1612903225806451,0.5649229787460338,1.0,1.0,1.0,1.0,1.0,1.0,1.0,1.0,1.0,1.0,1.0,1.0,1.0,1.0,1.0,1.0,1.0,1.0,1.0,1.0,1.0
52,750.0,duplex,rent,35.0,True,1,1,Madrid,Madrid,4047.0,desconocido,desconocido,desconocido,desconocido,desconocido,desconocido,0.0806451612903225,0.0684948504777267,1.0,1.0,1.0,1.0,1.0,1.0,1.0,1.0,1.0,1.0,1.0,1.0,1.0,1.0,1.0,1.0,1.0,1.0,1.0,1.0,1.0
53,750.0,flat,rent,66.0,True,2,1,Madrid,Alcorcón,13311.0,good,False,1,Centro,True,desconocido,0.2473118279569892,0.2327123180827114,1.0,1.0,1.0,1.0,1.0,1.0,1.0,1.0,1.0,1.0,1.0,1.0,1.0,1.0,1.0,1.0,1.0,1.0,1.0,1.0,1.0
54,650.0,flat,rent,65.0,True,1,1,Madrid,Alcalá de Henares,29440.0,good,False,en,San Isidro - Los Almendros,True,desconocido,0.2419354838709677,0.5186215943133675,1.0,1.0,1.0,1.0,1.0,1.0,1.0,1.0,1.0,1.0,1.0,1.0,1.0,1.0,1.0,1.0,1.0,1.0,1.0,1.0,1.0
55,720.0,flat,rent,133.0,False,3,2,Madrid,Pinto,19453.0,good,False,1,San José - Buenos Aires,True,"{'hasParkingSpace': True, 'isParkingSpaceIncludedInPrice': True}",0.6075268817204301,0.3415879318596777,1.0,1.0,1.0,1.0,-1.0,-1.0,-1.0,-1.0,-1.0,-1.0,-1.0,-1.0,1.0,1.0,1.0,1.0,1.0,1.0,1.0,1.0,1.0
56,600.0,flat,rent,50.0,True,1,1,Madrid,Valdemoro,24430.0,good,False,desconocido,Hospital,True,"{'hasParkingSpace': True, 'isParkingSpaceIncludedInPrice': True}",0.1612903225806451,0.4298122773119671,1.0,1.0,1.0,1.0,1.0,1.0,1.0,1.0,1.0,1.0,1.0,1.0,1.0,1.0,1.0,1.0,1.0,1.0,1.0,1.0,1.0
57,650.0,flat,rent,61.0,True,1,1,Madrid,Collado Villalba,34886.0,good,False,2,Parque de la Coruña - Las Suertes,True,"{'hasParkingSpace': True, 'isParkingSpaceIncludedInPrice': True}",0.2204301075268817,0.6151596263272651,1.0,1.0,1.0,1.0,1.0,1.0,1.0,1.0,1.0,1.0,1.0,1.0,1.0,1.0,1.0,1.0,1.0,1.0,1.0,1.0,1.0
58,650.0,flat,rent,65.0,False,2,1,Madrid,Alcorcón,11537.0,good,False,3,Valderas - Los Castillos,False,desconocido,0.2419354838709677,0.2012656657153493,1.0,1.0,1.0,1.0,1.0,1.0,1.0,1.0,1.0,1.0,1.0,1.0,1.0,1.0,1.0,1.0,1.0,1.0,1.0,1.0,1.0
59,700.0,flat,rent,45.0,True,1,1,Madrid,Madrid,12321.0,good,False,3,Barajas,False,desconocido,0.1344086021505376,0.2151631716093808,1.0,1.0,1.0,1.0,1.0,1.0,1.0,1.0,1.0,1.0,1.0,1.0,1.0,1.0,1.0,1.0,1.0,1.0,1.0,1.0,1.0
60,625.0,flat,rent,62.0,True,2,1,Madrid,Getafe,11666.0,good,False,bj,Getafe Centro,False,desconocido,0.2258064516129032,0.203552372680056,1.0,1.0,1.0,1.0,1.0,1.0,1.0,1.0,1.0,1.0,1.0,1.0,1.0,1.0,1.0,1.0,1.0,1.0,1.0,1.0,1.0
61,595.0,flat,rent,45.0,True,1,1,Madrid,Madrid,4543.0,good,False,bj,Latina,False,desconocido,0.1344086021505376,0.0772871501249712,1.0,1.0,1.0,1.0,1.0,1.0,1.0,1.0,1.0,1.0,1.0,1.0,1.0,1.0,1.0,1.0,1.0,1.0,1.0,1.0,1.0
62,650.0,flat,rent,55.0,True,1,1,Madrid,Madrid,10495.0,good,False,4,San Blas,True,"{'hasParkingSpace': True, 'isParkingSpaceIncludedInPrice': True}",0.1881720430107527,0.1827947458919043,1.0,1.0,1.0,1.0,1.0,1.0,1.0,1.0,1.0,1.0,1.0,1.0,1.0,1.0,1.0,1.0,1.0,1.0,1.0,1.0,1.0
63,725.0,flat,rent,50.0,True,1,1,Madrid,Madrid,7708.0,good,False,2,Villaverde,True,desconocido,0.1612903225806451,0.1333912396078918,1.0,1.0,1.0,1.0,1.0,1.0,1.0,1.0,1.0,1.0,1.0,1.0,1.0,1.0,1.0,1.0,1.0,1.0,1.0,1.0,1.0
64,750.0,flat,rent,95.0,True,3,1,Madrid,Alcalá de Henares,28483.0,good,False,8,Reyes Católicos,True,desconocido,0.4032258064516129,0.501657419389148,1.0,1.0,1.0,1.0,1.0,1.0,1.0,1.0,1.0,1.0,1.0,1.0,1.0,1.0,1.0,1.0,1.0,1.0,1.0,1.0,1.0
65,700.0,penthouse,rent,30.0,True,1,1,Madrid,Madrid,12049.0,good,False,1,San Blas,True,desconocido,0.053763440860215,0.2103415879318597,1.0,1.0,1.0,1.0,1.0,1.0,1.0,1.0,1.0,1.0,1.0,1.0,1.0,1.0,1.0,1.0,1.0,1.0,1.0,1.0,1.0
66,700.0,flat,rent,27.0,False,1,1,Madrid,Madrid,1391.0,good,False,3,Centro,False,desconocido,0.0376344086021505,0.0214135039795791,1.0,1.0,1.0,1.0,1.0,1.0,1.0,1.0,1.0,1.0,1.0,1.0,1.0,1.0,1.0,1.0,1.0,1.0,1.0,1.0,1.0
67,650.0,flat,rent,59.0,True,2,1,Madrid,Alcalá de Henares,30562.0,good,False,1,Val,True,desconocido,0.2096774193548387,0.5385106269831422,1.0,1.0,1.0,1.0,1.0,1.0,1.0,1.0,1.0,1.0,1.0,1.0,1.0,1.0,1.0,1.0,1.0,1.0,1.0,1.0,1.0
68,550.0,flat,rent,40.0,True,1,1,Madrid,Paracuellos de Jarama,17750.0,good,False,3,Casco Urbano,True,desconocido,0.1075268817204301,0.3113998546434332,1.0,1.0,1.0,1.0,1.0,1.0,1.0,1.0,-1.0,-1.0,-1.0,-1.0,1.0,1.0,1.0,1.0,1.0,1.0,1.0,1.0,1.0
69,650.0,flat,rent,55.0,True,1,1,Madrid,Madrid,10296.0,good,False,4,San Blas,True,"{'hasParkingSpace': True, 'isParkingSpaceIncludedInPrice': True}",0.1881720430107527,0.1792671901866591,1.0,1.0,1.0,1.0,1.0,1.0,1.0,1.0,1.0,1.0,1.0,1.0,1.0,1.0,1.0,1.0,1.0,1.0,1.0,1.0,1.0
70,750.0,flat,rent,65.0,True,2,1,Madrid,Madrid,5580.0,good,False,desconocido,Ciudad Lineal,True,desconocido,0.2419354838709677,0.0956694378955205,1.0,1.0,1.0,1.0,1.0,1.0,1.0,1.0,1.0,1.0,1.0,1.0,1.0,1.0,1.0,1.0,1.0,1.0,1.0,1.0,1.0
71,725.0,flat,rent,70.0,True,2,1,Madrid,Madrid,4117.0,good,False,desconocido,Puente de Vallecas,True,desconocido,0.2688172043010753,0.0697356992182652,1.0,1.0,1.0,1.0,1.0,1.0,1.0,1.0,1.0,1.0,1.0,1.0,1.0,1.0,1.0,1.0,1.0,1.0,1.0,1.0,1.0
72,700.0,flat,rent,80.0,True,1,1,Madrid,Alcalá de Henares,29460.0,good,False,1,Casco Histórico,False,desconocido,0.3225806451612903,0.51897612252495,1.0,1.0,1.0,1.0,1.0,1.0,1.0,1.0,1.0,1.0,1.0,1.0,1.0,1.0,1.0,1.0,1.0,1.0,1.0,1.0,1.0
73,650.0,flat,rent,40.0,True,1,1,Madrid,Madrid,12224.0,good,False,bj,Barajas,True,desconocido,0.1075268817204301,0.213443709783206,1.0,1.0,1.0,1.0,1.0,1.0,1.0,1.0,1.0,1.0,1.0,1.0,1.0,1.0,1.0,1.0,1.0,1.0,1.0,1.0,1.0
74,695.0,flat,rent,90.0,True,3,1,Madrid,Madrid,7729.0,good,False,desconocido,Villaverde,False,desconocido,0.3763440860215054,0.1337634942300533,1.0,1.0,1.0,1.0,1.0,1.0,1.0,1.0,1.0,1.0,1.0,1.0,1.0,1.0,1.0,1.0,1.0,1.0,-1.0,-1.0,1.0
75,750.0,flat,rent,55.0,True,1,1,Madrid,Madrid,6017.0,good,False,desconocido,Ciudad Lineal,False,desconocido,0.1881720430107527,0.1034158793185967,1.0,1.0,1.0,1.0,1.0,1.0,1.0,1.0,1.0,1.0,1.0,1.0,1.0,1.0,1.0,1.0,1.0,1.0,1.0,1.0,1.0
76,650.0,flat,rent,65.0,True,2,1,Madrid,Madrid,7559.0,good,False,desconocido,Latina,True,desconocido,0.2419354838709677,0.1307500044316026,1.0,1.0,1.0,1.0,1.0,1.0,1.0,1.0,1.0,1.0,1.0,1.0,1.0,1.0,1.0,1.0,1.0,1.0,1.0,1.0,1.0
77,666.0,flat,rent,70.0,True,1,2,Madrid,Villanueva del Pardillo,24862.0,good,False,1,Los Llanos - Valle Pardo,True,"{'hasParkingSpace': True, 'isParkingSpaceIncludedInPrice': True}",0.2688172043010753,0.4374700866821477,1.0,1.0,1.0,1.0,1.0,1.0,1.0,1.0,1.0,1.0,1.0,1.0,1.0,1.0,1.0,1.0,1.0,1.0,1.0,1.0,1.0
78,750.0,flat,rent,78.0,True,2,2,Madrid,Alcalá de Henares,29976.0,good,False,desconocido,Ensanche,True,"{'hasParkingSpace': True, 'isParkingSpaceIncludedInPrice': True}",0.3118279569892473,0.5281229503837769,1.0,1.0,1.0,1.0,1.0,1.0,1.0,1.0,1.0,1.0,1.0,1.0,1.0,1.0,1.0,1.0,1.0,1.0,1.0,1.0,1.0
79,630.0,flat,rent,74.0,True,3,1,Madrid,El Molar,36483.0,good,False,desconocido,desconocido,True,desconocido,0.2903225806451613,0.6434687040221226,1.0,1.0,1.0,1.0,1.0,1.0,1.0,1.0,1.0,1.0,1.0,1.0,1.0,1.0,1.0,1.0,1.0,1.0,-1.0,1.0,1.0
80,635.0,studio,rent,55.0,True,0,1,Madrid,Leganés,14528.0,good,False,2,Valdepelayo - Montepinos - Arroyo Culebro,True,"{'hasParkingSpace': True, 'isParkingSpaceIncludedInPrice': True}",0.1881720430107527,0.2542853597575027,1.0,1.0,1.0,1.0,1.0,1.0,1.0,1.0,1.0,1.0,1.0,1.0,1.0,1.0,1.0,-1.0,1.0,1.0,-1.0,1.0,1.0
81,725.0,flat,rent,69.0,True,2,1,Madrid,Collado Villalba,35892.0,good,False,1,Dehesa - El Soto,True,"{'hasParkingSpace': True, 'isParkingSpaceIncludedInPrice': True}",0.2634408602150537,0.6329923953698616,1.0,1.0,1.0,1.0,1.0,1.0,1.0,1.0,1.0,1.0,1.0,1.0,1.0,1.0,1.0,1.0,1.0,1.0,1.0,1.0,1.0
82,750.0,flat,rent,35.0,False,1,1,Madrid,Madrid,859.0,good,False,1,Centro,False,desconocido,0.0806451612903225,0.0119830535514863,1.0,1.0,1.0,1.0,1.0,1.0,1.0,1.0,1.0,1.0,1.0,1.0,1.0,1.0,1.0,1.0,1.0,1.0,1.0,1.0,1.0
83,690.0,flat,rent,65.0,True,2,1,Madrid,Madrid,4724.0,good,False,3,Puente de Vallecas,False,desconocido,0.2419354838709677,0.0804956304397922,1.0,1.0,1.0,1.0,1.0,1.0,1.0,1.0,1.0,1.0,1.0,1.0,1.0,1.0,1.0,1.0,1.0,1.0,1.0,-1.0,1.0
84,700.0,studio,rent,30.0,False,0,1,Madrid,Madrid,1041.0,good,False,2,Centro,True,desconocido,0.053763440860215,0.0152092602768865,1.0,1.0,1.0,1.0,1.0,1.0,1.0,1.0,1.0,1.0,1.0,1.0,1.0,1.0,1.0,1.0,1.0,1.0,1.0,1.0,1.0
85,730.0,flat,rent,64.0,True,3,1,Madrid,Parla,20235.0,good,False,1,Pintores-Ferial,False,desconocido,0.2365591397849462,0.355449984932551,1.0,1.0,1.0,1.0,1.0,1.0,1.0,1.0,1.0,1.0,1.0,1.0,1.0,1.0,1.0,1.0,1.0,1.0,1.0,1.0,1.0
86,750.0,flat,rent,51.0,True,1,1,Madrid,Madrid,3436.0,good,False,1,Carabanchel,True,desconocido,0.1666666666666666,0.0576640136138833,1.0,1.0,1.0,1.0,1.0,1.0,1.0,1.0,1.0,1.0,1.0,1.0,1.0,1.0,1.0,1.0,1.0,1.0,1.0,1.0,1.0
87,750.0,flat,rent,48.0,False,1,1,Madrid,Tres Cantos,20526.0,good,False,4,Zona Estación- Centro,True,desconocido,0.1505376344086021,0.3606083704110754,1.0,1.0,1.0,1.0,1.0,1.0,1.0,1.0,1.0,1.0,1.0,1.0,1.0,1.0,1.0,1.0,1.0,1.0,1.0,1.0,1.0
88,690.0,flat,rent,35.0,True,1,1,Madrid,Madrid,4802.0,good,False,desconocido,Tetuán,False,desconocido,0.0806451612903225,0.0818782904649637,1.0,1.0,1.0,1.0,1.0,1.0,1.0,1.0,1.0,1.0,1.0,1.0,1.0,1.0,1.0,1.0,1.0,1.0,1.0,-1.0,1.0
89,750.0,flat,rent,74.0,True,3,1,Madrid,Alcorcón,13017.0,good,False,4,Centro,True,"{'hasParkingSpace': True, 'isParkingSpaceIncludedInPrice': False, 'parkingSpacePrice': 50.0}",0.2903225806451613,0.2275007533724496,1.0,1.0,1.0,1.0,1.0,1.0,1.0,1.0,1.0,1.0,1.0,1.0,1.0,1.0,1.0,1.0,1.0,1.0,1.0,1.0,1.0
90,700.0,duplex,rent,35.0,True,1,1,Madrid,Madrid,852.0,good,False,bj,Centro,False,desconocido,0.0806451612903225,0.0118589686774325,1.0,1.0,1.0,1.0,1.0,1.0,1.0,1.0,1.0,1.0,1.0,1.0,1.0,1.0,1.0,1.0,1.0,1.0,1.0,1.0,1.0
91,720.0,flat,rent,42.0,True,1,1,Madrid,Madrid,8333.0,good,False,4,Hortaleza,True,desconocido,0.1182795698924731,0.1444702462198429,1.0,1.0,1.0,1.0,1.0,1.0,1.0,1.0,1.0,1.0,1.0,1.0,1.0,1.0,1.0,1.0,1.0,1.0,1.0,1.0,1.0
92,595.0,flat,rent,55.0,True,1,1,Madrid,Quijorna,29699.0,good,False,1,desconocido,False,"{'hasParkingSpace': True, 'isParkingSpaceIncludedInPrice': True}",0.1881720430107527,0.52321273465336,1.0,1.0,1.0,1.0,1.0,1.0,1.0,1.0,1.0,1.0,1.0,1.0,1.0,1.0,1.0,1.0,1.0,1.0,1.0,1.0,1.0
93,700.0,flat,rent,45.0,False,1,1,Madrid,Madrid,1113.0,good,False,1,Centro,False,desconocido,0.1344086021505376,0.0164855618385833,1.0,1.0,1.0,1.0,1.0,1.0,1.0,1.0,1.0,1.0,1.0,1.0,1.0,1.0,1.0,1.0,1.0,1.0,1.0,1.0,1.0
94,500.0,flat,rent,45.0,True,1,1,Madrid,Valdemorillo,32188.0,good,False,desconocido,Valdemorillo pueblo,False,desconocido,0.1344086021505376,0.5673337705847944,1.0,1.0,1.0,1.0,-1.0,-1.0,-1.0,-1.0,-1.0,-1.0,-1.0,-1.0,1.0,1.0,1.0,1.0,1.0,1.0,1.0,1.0,-1.0
95,700.0,flat,rent,75.0,True,2,1,Madrid,Aranjuez,43915.0,good,False,1,Nuevo Aranjuez-Ciudad de las Artes,False,desconocido,0.2956989247311828,0.7752113874461561,1.0,1.0,1.0,1.0,1.0,1.0,1.0,1.0,1.0,1.0,1.0,1.0,1.0,1.0,1.0,1.0,1.0,1.0,1.0,1.0,1.0
96,675.0,duplex,rent,87.0,True,2,2,Madrid,Miraflores de la Sierra,44503.0,good,False,2,desconocido,False,desconocido,0.3602150537634409,0.7856345168666797,1.0,1.0,1.0,1.0,1.0,1.0,1.0,1.0,1.0,1.0,1.0,1.0,1.0,1.0,1.0,1.0,1.0,1.0,1.0,1.0,-1.0
97,650.0,flat,rent,45.0,True,1,1,Madrid,Pedrezuela,37741.0,good,False,bj,desconocido,False,"{'hasParkingSpace': True, 'isParkingSpaceIncludedInPrice': True}",0.1344086021505376,0.6657685285306579,1.0,1.0,1.0,1.0,1.0,1.0,1.0,1.0,1.0,1.0,1.0,1.0,1.0,1.0,1.0,1.0,1.0,1.0,1.0,1.0,1.0
98,750.0,studio,rent,55.0,True,0,1,Madrid,Madrid,918.0,good,False,2,Centro,True,desconocido,0.1881720430107527,0.0130289117756545,1.0,1.0,1.0,1.0,1.0,1.0,1.0,1.0,1.0,1.0,1.0,1.0,1.0,1.0,1.0,1.0,1.0,1.0,1.0,1.0,1.0
99,720.0,studio,rent,45.0,True,0,1,Madrid,San Sebastián de los Reyes,15433.0,good,False,5,Vega de la Moraleja,True,desconocido,0.1344086021505376,0.2703277613316079,1.0,1.0,1.0,1.0,1.0,1.0,1.0,1.0,1.0,1.0,1.0,1.0,1.0,1.0,1.0,1.0,1.0,1.0,1.0,1.0,1.0
100,624.0,flat,rent,45.0,True,1,1,Madrid,Valdemoro,24077.0,newdevelopment,True,desconocido,Hospital,True,"{'hasParkingSpace': True, 'isParkingSpaceIncludedInPrice': True}",0.1344086021505376,0.4235548543775371,1.0,1.0,1.0,1.0,1.0,1.0,1.0,1.0,1.0,1.0,1.0,1.0,1.0,1.0,1.0,1.0,1.0,1.0,1.0,1.0,1.0
101,633.0,flat,rent,45.0,True,1,1,Madrid,Valdemoro,24077.0,newdevelopment,True,desconocido,Hospital,True,"{'hasParkingSpace': True, 'isParkingSpaceIncludedInPrice': True}",0.1344086021505376,0.4235548543775371,1.0,1.0,1.0,1.0,1.0,1.0,1.0,1.0,1.0,1.0,1.0,1.0,1.0,1.0,1.0,1.0,1.0,1.0,-1.0,1.0,1.0
102,640.0,studio,rent,33.0,True,0,1,Madrid,Madrid,11189.0,good,False,2,Villa de Vallecas,True,"{'hasParkingSpace': True, 'isParkingSpaceIncludedInPrice': False, 'parkingSpacePrice': 40.0}",0.0698924731182795,0.1950968748338149,1.0,1.0,1.0,1.0,1.0,1.0,1.0,1.0,1.0,1.0,1.0,1.0,1.0,1.0,1.0,-1.0,1.0,1.0,-1.0,1.0,1.0
103,645.0,flat,rent,84.0,True,2,2,Madrid,Aranjuez,43827.0,good,False,2,Nuevo Aranjuez-Ciudad de las Artes,True,desconocido,0.3440860215053763,0.7736514633151934,1.0,1.0,1.0,1.0,1.0,1.0,1.0,1.0,1.0,1.0,1.0,1.0,1.0,1.0,1.0,1.0,1.0,1.0,-1.0,1.0,1.0
104,750.0,flat,rent,46.0,False,1,1,Madrid,Madrid,1069.0,good,False,3,Centro,False,desconocido,0.1397849462365591,0.0157055997731019,1.0,1.0,1.0,1.0,1.0,1.0,1.0,1.0,1.0,1.0,1.0,1.0,1.0,1.0,1.0,1.0,1.0,1.0,1.0,1.0,1.0
105,735.0,studio,rent,35.0,True,0,1,Madrid,Madrid,11088.0,good,False,1,Fuencarral,True,"{'hasParkingSpace': True, 'isParkingSpaceIncludedInPrice': True}",0.0806451612903225,0.1933065073653236,1.0,1.0,1.0,1.0,1.0,1.0,1.0,1.0,1.0,1.0,1.0,1.0,1.0,1.0,1.0,1.0,1.0,1.0,1.0,1.0,1.0
106,600.0,flat,rent,55.0,True,1,1,Madrid,Daganzo de Arriba,25189.0,desconocido,desconocido,desconocido,desconocido,desconocido,desconocido,0.1881720430107527,0.4432666229415206,1.0,1.0,1.0,1.0,1.0,1.0,1.0,1.0,1.0,1.0,1.0,1.0,1.0,1.0,1.0,1.0,1.0,1.0,1.0,1.0,1.0
107,750.0,flat,rent,75.0,True,3,1,Madrid,Madrid,8286.0,good,False,desconocido,Villaverde,False,desconocido,0.2956989247311828,0.1436371049226242,1.0,1.0,1.0,1.0,1.0,1.0,1.0,1.0,1.0,1.0,1.0,1.0,1.0,1.0,1.0,1.0,1.0,1.0,1.0,1.0,1.0
108,600.0,penthouse,rent,25.0,True,1,1,Madrid,Madrid,183.0,good,False,5,Centro,True,desconocido,0.0268817204301075,0.0,1.0,1.0,1.0,1.0,1.0,1.0,1.0,1.0,-1.0,-1.0,-1.0,-1.0,1.0,1.0,1.0,1.0,1.0,1.0,1.0,1.0,1.0
109,705.0,flat,rent,48.0,True,1,1,Madrid,Madrid,11472.0,good,False,4,Villa de Vallecas,True,"{'hasParkingSpace': True, 'isParkingSpaceIncludedInPrice': True}",0.1505376344086021,0.2001134490277064,1.0,1.0,1.0,1.0,1.0,1.0,1.0,1.0,1.0,1.0,1.0,1.0,-1.0,1.0,1.0,-1.0,1.0,1.0,-1.0,-1.0,1.0
110,650.0,flat,rent,62.0,True,2,1,Madrid,Guadarrama,43229.0,good,False,3,desconocido,False,desconocido,0.2258064516129032,0.7630510697888785,1.0,1.0,1.0,1.0,1.0,1.0,1.0,1.0,1.0,1.0,1.0,1.0,1.0,1.0,1.0,1.0,1.0,1.0,1.0,1.0,1.0
111,700.0,duplex,rent,61.0,True,2,1,Madrid,Cobeña,23917.0,good,False,1,desconocido,False,desconocido,0.2204301075268817,0.4207186286848776,1.0,1.0,1.0,1.0,1.0,1.0,1.0,1.0,1.0,1.0,1.0,1.0,1.0,1.0,1.0,1.0,1.0,1.0,1.0,1.0,1.0
112,650.0,studio,rent,40.0,False,0,1,Madrid,Madrid,5088.0,good,False,en,Tetuán,True,desconocido,0.1075268817204301,0.0869480438905925,1.0,1.0,1.0,1.0,1.0,1.0,1.0,1.0,1.0,1.0,1.0,1.0,1.0,1.0,1.0,1.0,1.0,1.0,1.0,1.0,1.0
113,700.0,flat,rent,40.0,True,1,1,Madrid,Madrid,3076.0,good,False,bj,Latina,False,"{'hasParkingSpace': True, 'isParkingSpaceIncludedInPrice': True}",0.1075268817204301,0.0512825058053994,1.0,1.0,1.0,1.0,1.0,1.0,1.0,1.0,1.0,1.0,1.0,1.0,1.0,1.0,1.0,1.0,1.0,1.0,1.0,1.0,1.0
114,730.0,flat,rent,51.0,True,2,1,Madrid,Madrid,6767.0,good,False,4,Villaverde,False,desconocido,0.1666666666666666,0.1167106872529381,1.0,1.0,1.0,1.0,1.0,1.0,1.0,1.0,1.0,1.0,1.0,1.0,1.0,1.0,1.0,1.0,1.0,1.0,1.0,1.0,1.0
115,750.0,flat,rent,50.0,True,2,1,Madrid,Madrid,8331.0,good,False,3,Villa de Vallecas,False,desconocido,0.1612903225806451,0.1444347933986847,1.0,1.0,1.0,1.0,1.0,1.0,1.0,1.0,1.0,1.0,1.0,1.0,1.0,1.0,1.0,1.0,1.0,1.0,1.0,1.0,1.0
116,680.0,flat,rent,56.0,True,2,1,Madrid,Torrejón de Ardoz,19298.0,good,False,3,Noroeste,False,desconocido,0.1935483870967742,0.3388403382199138,1.0,1.0,1.0,1.0,1.0,1.0,1.0,1.0,1.0,1.0,1.0,1.0,1.0,1.0,1.0,1.0,1.0,1.0,1.0,1.0,-1.0
117,710.0,flat,rent,78.0,True,3,1,Madrid,Parla,21617.0,good,False,4,Fuentebella-San Felix-El Leguario,False,desconocido,0.3118279569892473,0.3799478843528974,1.0,1.0,1.0,1.0,1.0,1.0,1.0,1.0,1.0,1.0,1.0,1.0,1.0,1.0,1.0,-1.0,1.0,1.0,-1.0,-1.0,1.0
118,720.0,flat,rent,47.0,True,2,1,Madrid,Madrid,7088.0,good,False,1,San Blas,False,desconocido,0.1451612903225806,0.1224008650488362,1.0,1.0,1.0,1.0,1.0,1.0,1.0,1.0,1.0,1.0,1.0,1.0,1.0,1.0,1.0,1.0,1.0,1.0,1.0,1.0,1.0
119,750.0,studio,rent,43.0,True,0,1,Madrid,Madrid,5332.0,good,False,desconocido,Tetuán,True,desconocido,0.1236559139784946,0.0912732880718983,1.0,1.0,1.0,1.0,1.0,1.0,1.0,1.0,1.0,1.0,1.0,1.0,1.0,1.0,1.0,1.0,1.0,1.0,1.0,1.0,1.0
120,695.0,studio,rent,40.0,True,0,1,Madrid,Madrid,12376.0,good,False,desconocido,Barajas,True,"{'hasParkingSpace': True, 'isParkingSpaceIncludedInPrice': True}",0.1075268817204301,0.2161381241912325,1.0,1.0,1.0,1.0,1.0,1.0,1.0,1.0,1.0,1.0,1.0,1.0,1.0,1.0,1.0,1.0,1.0,1.0,-1.0,-1.0,1.0
121,630.0,flat,rent,54.0,True,1,2,Madrid,El Álamo,32432.0,desconocido,desconocido,desconocido,desconocido,desconocido,desconocido,0.1827956989247312,0.5716590147661,1.0,1.0,1.0,1.0,1.0,1.0,1.0,1.0,1.0,1.0,1.0,1.0,1.0,1.0,1.0,1.0,1.0,1.0,-1.0,1.0,1.0
122,750.0,flat,rent,90.0,True,3,1,Madrid,Algete,26401.0,good,False,desconocido,desconocido,True,desconocido,0.3763440860215054,0.4647510325634162,1.0,1.0,1.0,1.0,1.0,1.0,1.0,1.0,1.0,1.0,1.0,1.0,1.0,1.0,1.0,1.0,1.0,1.0,1.0,1.0,1.0
123,730.0,flat,rent,50.0,True,1,1,Madrid,Madrid,8717.0,good,False,2,Villa de Vallecas,True,"{'hasParkingSpace': True, 'isParkingSpaceIncludedInPrice': True}",0.1612903225806451,0.1512771878822257,1.0,1.0,1.0,1.0,1.0,1.0,1.0,1.0,1.0,1.0,1.0,1.0,1.0,1.0,1.0,1.0,1.0,1.0,1.0,1.0,1.0
124,600.0,flat,rent,90.0,True,3,1,Madrid,Valdemoro,25182.0,good,False,desconocido,Centro,True,desconocido,0.3763440860215054,0.4431425380674667,1.0,1.0,1.0,1.0,1.0,1.0,1.0,1.0,-1.0,-1.0,-1.0,1.0,1.0,1.0,1.0,1.0,1.0,1.0,1.0,1.0,1.0
125,650.0,studio,rent,45.0,True,0,1,Madrid,Madrid,5656.0,good,False,bj,Ciudad Lineal,True,desconocido,0.1344086021505376,0.0970166450995338,1.0,1.0,1.0,1.0,1.0,1.0,1.0,1.0,1.0,1.0,1.0,1.0,1.0,1.0,1.0,1.0,1.0,1.0,1.0,1.0,1.0
126,750.0,flat,rent,38.0,False,1,1,Madrid,Madrid,470.0,good,False,bj,Centro,True,desconocido,0.0967741935483871,0.0050874798362079,1.0,1.0,1.0,1.0,1.0,1.0,1.0,1.0,1.0,1.0,1.0,1.0,1.0,1.0,1.0,1.0,1.0,1.0,1.0,1.0,1.0
127,730.0,flat,rent,50.0,True,1,1,Madrid,Rivas-Vaciamadrid,16410.0,good,False,desconocido,Rivas Futura,True,"{'hasParkingSpace': True, 'isParkingSpaceIncludedInPrice': True}",0.1612903225806451,0.28764646446741,1.0,1.0,1.0,1.0,1.0,1.0,1.0,1.0,1.0,1.0,1.0,1.0,1.0,1.0,1.0,1.0,1.0,1.0,1.0,1.0,1.0
128,735.0,studio,rent,30.0,True,0,1,Madrid,Madrid,11188.0,good,False,2,Fuencarral,True,"{'hasParkingSpace': True, 'isParkingSpaceIncludedInPrice': True}",0.053763440860215,0.1950791484232358,1.0,1.0,1.0,1.0,1.0,1.0,1.0,1.0,1.0,1.0,1.0,1.0,1.0,1.0,1.0,1.0,1.0,1.0,1.0,1.0,1.0
129,610.0,flat,rent,72.0,False,1,1,Madrid,Pinto,19544.0,good,False,bj,San José - Buenos Aires,True,"{'hasParkingSpace': True, 'isParkingSpaceIncludedInPrice': True}",0.2795698924731183,0.3432010352223778,1.0,1.0,1.0,1.0,1.0,1.0,1.0,1.0,1.0,1.0,1.0,1.0,1.0,1.0,1.0,1.0,1.0,1.0,1.0,1.0,1.0
130,580.0,chalet,rent,54.0,False,3,2,Madrid,Los Santos de la Humosa,39053.0,good,False,desconocido,desconocido,desconocido,desconocido,0.1827956989247312,0.6890255792104657,1.0,1.0,1.0,1.0,1.0,1.0,1.0,1.0,1.0,1.0,1.0,1.0,1.0,1.0,1.0,1.0,1.0,1.0,1.0,1.0,1.0
131,725.0,flat,rent,50.0,True,1,1,Madrid,Villanueva del Pardillo,23787.0,good,False,en,Centro,False,desconocido,0.1612903225806451,0.4184141953095918,1.0,1.0,1.0,1.0,1.0,1.0,1.0,1.0,1.0,1.0,1.0,1.0,1.0,1.0,1.0,1.0,1.0,1.0,1.0,1.0,1.0
132,750.0,flat,rent,48.0,True,1,1,Madrid,Madrid,5085.0,good,False,1,Carabanchel,False,desconocido,0.1505376344086021,0.0868948646588552,1.0,1.0,1.0,1.0,1.0,1.0,1.0,1.0,1.0,1.0,1.0,1.0,1.0,1.0,1.0,1.0,1.0,1.0,1.0,1.0,1.0
133,750.0,flat,rent,70.0,True,3,1,Madrid,Alcalá de Henares,29660.0,good,False,2,San Isidro - Los Almendros,False,desconocido,0.2688172043010753,0.5225214046407743,1.0,1.0,1.0,1.0,1.0,1.0,1.0,1.0,1.0,1.0,1.0,1.0,1.0,1.0,1.0,1.0,1.0,1.0,1.0,1.0,1.0
134,750.0,flat,rent,49.0,True,1,1,Madrid,Madrid,8465.0,good,False,7,Hortaleza,True,desconocido,0.1559139784946236,0.146810132416287,1.0,1.0,1.0,1.0,1.0,1.0,1.0,1.0,1.0,1.0,1.0,1.0,1.0,1.0,1.0,1.0,1.0,1.0,1.0,1.0,1.0
135,730.0,flat,rent,60.0,True,3,1,Madrid,Parla,20948.0,good,False,3,Reyes,False,desconocido,0.2150537634408602,0.3680889156754648,1.0,1.0,1.0,1.0,1.0,1.0,1.0,1.0,1.0,1.0,1.0,1.0,1.0,1.0,1.0,1.0,1.0,1.0,1.0,1.0,1.0
136,560.0,flat,rent,26.0,False,1,1,Madrid,Madrid,625.0,good,False,bj,Centro,False,desconocido,0.032258064516129,0.0078350734759718,1.0,1.0,1.0,1.0,-1.0,-1.0,-1.0,-1.0,-1.0,-1.0,-1.0,-1.0,1.0,1.0,1.0,1.0,1.0,1.0,1.0,1.0,1.0
137,700.0,studio,rent,23.0,True,0,1,Madrid,Madrid,1271.0,desconocido,desconocido,desconocido,desconocido,desconocido,desconocido,0.0161290322580645,0.0192863347100845,1.0,1.0,1.0,1.0,1.0,1.0,1.0,1.0,1.0,1.0,1.0,1.0,1.0,1.0,1.0,1.0,1.0,1.0,1.0,1.0,1.0
138,750.0,flat,rent,80.0,True,3,1,Madrid,San Fernando de Henares,14991.0,good,False,2,Parque Roma - Coronas,True,"{'hasParkingSpace': True, 'isParkingSpaceIncludedInPrice': True}",0.3225806451612903,0.2624926878556361,1.0,1.0,1.0,1.0,1.0,1.0,1.0,1.0,1.0,1.0,1.0,1.0,1.0,1.0,1.0,1.0,1.0,1.0,1.0,1.0,1.0
139,730.0,flat,rent,70.0,True,3,1,Madrid,Pinto,18781.0,good,False,3,Parque Europa - Los Pitufos,False,desconocido,0.2688172043010753,0.3296757839505078,1.0,1.0,1.0,1.0,1.0,1.0,1.0,1.0,1.0,1.0,1.0,1.0,1.0,1.0,1.0,1.0,1.0,1.0,1.0,1.0,1.0
140,730.0,flat,rent,52.0,True,2,1,Madrid,Madrid,8827.0,good,False,4,Vicálvaro,False,desconocido,0.1720430107526881,0.1532270930459291,1.0,1.0,1.0,1.0,1.0,1.0,1.0,1.0,1.0,1.0,1.0,1.0,1.0,1.0,1.0,1.0,1.0,1.0,1.0,1.0,1.0
141,740.0,flat,rent,64.0,True,2,1,Madrid,Madrid,8365.0,good,False,3,Villaverde,False,desconocido,0.2365591397849462,0.1450374913583748,1.0,1.0,1.0,1.0,1.0,1.0,1.0,1.0,1.0,1.0,1.0,1.0,1.0,-1.0,-1.0,1.0,-1.0,-1.0,1.0,-1.0,-1.0
142,720.0,flat,rent,65.0,True,2,1,Madrid,Madrid,7511.0,good,False,2,Villaverde,False,desconocido,0.2419354838709677,0.1298991367238048,1.0,1.0,1.0,1.0,1.0,1.0,1.0,1.0,1.0,1.0,1.0,1.0,1.0,1.0,1.0,1.0,1.0,1.0,1.0,1.0,1.0
143,720.0,flat,rent,63.0,True,2,1,Madrid,Torrejón de Ardoz,19731.0,good,False,2,Noroeste,False,desconocido,0.2311827956989247,0.3465158740006736,1.0,1.0,1.0,1.0,1.0,1.0,1.0,1.0,1.0,1.0,1.0,1.0,1.0,1.0,1.0,1.0,1.0,1.0,1.0,1.0,1.0
144,740.0,flat,rent,54.0,True,2,1,Madrid,Madrid,6636.0,good,False,1,Villaverde,True,desconocido,0.1827956989247312,0.1143885274670731,1.0,1.0,1.0,1.0,1.0,1.0,1.0,1.0,1.0,1.0,1.0,1.0,1.0,1.0,1.0,1.0,-1.0,-1.0,1.0,-1.0,-1.0
145,720.0,flat,rent,52.0,True,2,1,Madrid,Getafe,12695.0,good,False,3,La Alhóndiga,False,desconocido,0.1720430107526881,0.2217928491659724,1.0,1.0,1.0,1.0,1.0,1.0,1.0,1.0,1.0,1.0,1.0,1.0,1.0,1.0,1.0,1.0,1.0,1.0,1.0,1.0,1.0
146,730.0,flat,rent,45.0,True,2,1,Madrid,Madrid,4385.0,good,False,3,Puente de Vallecas,False,desconocido,0.1344086021505376,0.0744863772534699,1.0,1.0,1.0,1.0,1.0,1.0,1.0,1.0,1.0,1.0,1.0,1.0,1.0,1.0,1.0,1.0,1.0,1.0,1.0,1.0,1.0
147,600.0,duplex,rent,80.0,False,1,1,Madrid,Madrid,7223.0,desconocido,desconocido,desconocido,desconocido,desconocido,desconocido,0.3225806451612903,0.1247939304770177,1.0,1.0,1.0,1.0,1.0,1.0,1.0,1.0,1.0,-1.0,-1.0,-1.0,1.0,1.0,1.0,1.0,1.0,1.0,1.0,1.0,1.0
148,600.0,duplex,rent,80.0,False,1,1,Madrid,Madrid,7141.0,desconocido,desconocido,desconocido,desconocido,desconocido,desconocido,0.3225806451612903,0.1233403648095297,1.0,1.0,1.0,1.0,1.0,1.0,1.0,1.0,1.0,-1.0,-1.0,-1.0,1.0,1.0,1.0,1.0,1.0,1.0,1.0,1.0,1.0
149,725.0,duplex,rent,71.0,True,2,1,Madrid,Cobeña,23158.0,good,False,1,desconocido,False,"{'hasParkingSpace': True, 'isParkingSpaceIncludedInPrice': True}",0.2741935483870968,0.4072642830553241,1.0,1.0,1.0,1.0,1.0,1.0,1.0,1.0,1.0,1.0,1.0,1.0,1.0,1.0,1.0,1.0,1.0,1.0,1.0,1.0,1.0
150,675.0,flat,rent,76.0,True,3,1,Madrid,Aldea del Fresno,43485.0,good,False,2,desconocido,False,"{'hasParkingSpace': True, 'isParkingSpaceIncludedInPrice': True}",0.3010752688172043,0.7675890308971337,1.0,1.0,1.0,1.0,1.0,1.0,1.0,1.0,1.0,1.0,1.0,1.0,1.0,1.0,1.0,1.0,1.0,1.0,1.0,1.0,-1.0
151,750.0,flat,rent,54.0,True,1,1,Madrid,San Sebastián de los Reyes,15834.0,good,False,3,Centro Urbano,True,"{'hasParkingSpace': True, 'isParkingSpaceIncludedInPrice': True}",0.1827956989247312,0.2774360519738358,1.0,1.0,1.0,1.0,1.0,1.0,1.0,1.0,1.0,1.0,1.0,1.0,1.0,1.0,1.0,1.0,1.0,1.0,1.0,1.0,1.0
152,750.0,duplex,rent,79.0,True,2,2,Madrid,Collado Villalba,34697.0,good,False,1,Villalba Estación,False,desconocido,0.3172043010752688,0.6118093347278111,1.0,1.0,1.0,1.0,1.0,1.0,1.0,1.0,1.0,1.0,1.0,1.0,1.0,1.0,1.0,1.0,1.0,1.0,1.0,1.0,1.0
153,700.0,flat,rent,54.0,True,1,1,Madrid,Madrid,3354.0,good,False,2,Usera,True,desconocido,0.1827956989247312,0.0562104479463953,1.0,1.0,1.0,1.0,1.0,1.0,1.0,1.0,1.0,1.0,1.0,1.0,1.0,1.0,1.0,1.0,1.0,1.0,1.0,1.0,1.0
154,750.0,flat,rent,54.0,True,2,1,Madrid,Madrid,8322.0,good,False,3,Villaverde,False,desconocido,0.1827956989247312,0.1442752557034726,1.0,1.0,1.0,1.0,1.0,1.0,1.0,1.0,1.0,1.0,1.0,1.0,1.0,1.0,1.0,1.0,1.0,1.0,1.0,1.0,1.0
155,730.0,flat,rent,48.0,True,2,1,Madrid,Madrid,6997.0,good,False,3,San Blas,False,desconocido,0.1505376344086021,0.1207877616861361,1.0,1.0,1.0,1.0,1.0,1.0,1.0,1.0,1.0,1.0,1.0,1.0,1.0,1.0,1.0,1.0,1.0,1.0,1.0,1.0,1.0
156,650.0,flat,rent,61.0,True,2,1,Madrid,Alcalá de Henares,28605.0,good,False,4,Reyes Católicos,False,desconocido,0.2204301075268817,0.5038200414798009,1.0,1.0,1.0,1.0,1.0,1.0,1.0,1.0,1.0,1.0,1.0,1.0,1.0,1.0,1.0,1.0,1.0,1.0,1.0,1.0,1.0
157,730.0,flat,rent,63.0,True,2,1,Madrid,Madrid,7893.0,good,False,1,Villaverde,False,desconocido,0.2311827956989247,0.1366706255650293,1.0,1.0,1.0,1.0,1.0,1.0,1.0,1.0,1.0,1.0,1.0,1.0,1.0,1.0,1.0,1.0,1.0,1.0,1.0,1.0,1.0
158,720.0,flat,rent,50.0,True,2,1,Madrid,Madrid,7041.0,good,False,2,San Blas,False,desconocido,0.1612903225806451,0.1215677237516175,1.0,1.0,1.0,1.0,1.0,1.0,1.0,1.0,1.0,1.0,1.0,1.0,1.0,1.0,1.0,1.0,1.0,1.0,1.0,1.0,1.0
159,720.0,flat,rent,51.0,True,2,1,Madrid,Madrid,6973.0,good,False,1,San Blas,False,desconocido,0.1666666666666666,0.1203623278322372,1.0,1.0,1.0,1.0,1.0,1.0,1.0,1.0,1.0,1.0,1.0,1.0,1.0,1.0,1.0,1.0,1.0,1.0,1.0,1.0,1.0
160,750.0,flat,rent,47.0,True,2,1,Madrid,Madrid,4538.0,good,False,1,Puente de Vallecas,False,desconocido,0.1451612903225806,0.0771985180720755,1.0,1.0,1.0,1.0,1.0,1.0,1.0,1.0,1.0,1.0,1.0,1.0,1.0,1.0,1.0,1.0,1.0,1.0,1.0,1.0,1.0
161,730.0,flat,rent,50.0,True,2,1,Madrid,Madrid,7411.0,good,False,3,Villaverde,False,desconocido,0.1612903225806451,0.1281264956658926,1.0,1.0,1.0,1.0,1.0,1.0,1.0,1.0,1.0,1.0,1.0,1.0,1.0,1.0,1.0,1.0,1.0,1.0,1.0,1.0,1.0
162,730.0,flat,rent,40.0,True,2,1,Madrid,Madrid,4201.0,good,False,2,Puente de Vallecas,False,desconocido,0.1075268817204301,0.0712247177069115,1.0,1.0,1.0,1.0,1.0,1.0,1.0,1.0,1.0,1.0,1.0,1.0,1.0,1.0,1.0,1.0,1.0,1.0,1.0,1.0,1.0
163,670.0,flat,rent,67.0,True,2,1,Madrid,Valdemoro,25100.0,good,False,1,Zona Estación,True,desconocido,0.2526881720430107,0.4416889723999787,1.0,1.0,1.0,1.0,1.0,1.0,1.0,1.0,1.0,1.0,1.0,1.0,1.0,1.0,1.0,1.0,1.0,1.0,1.0,1.0,1.0
164,740.0,flat,rent,52.0,True,2,1,Madrid,Madrid,4862.0,good,False,3,Puente de Vallecas,False,desconocido,0.1720430107526881,0.082941875099711,1.0,1.0,1.0,1.0,1.0,1.0,1.0,1.0,1.0,1.0,1.0,1.0,1.0,1.0,1.0,1.0,-1.0,-1.0,1.0,-1.0,-1.0
165,720.0,flat,rent,69.0,True,2,1,Madrid,Alcalá de Henares,29084.0,good,False,1,Chorrillo,True,desconocido,0.2634408602150537,0.5123109921472002,1.0,1.0,1.0,1.0,1.0,1.0,1.0,1.0,1.0,1.0,1.0,1.0,1.0,1.0,1.0,1.0,1.0,1.0,1.0,1.0,1.0
166,750.0,flat,rent,59.0,True,2,1,Madrid,Madrid,8400.0,good,False,4,Villaverde,False,desconocido,0.2096774193548387,0.1456579157286441,1.0,1.0,1.0,1.0,1.0,1.0,1.0,1.0,1.0,1.0,1.0,1.0,1.0,1.0,1.0,1.0,1.0,1.0,1.0,1.0,1.0
167,740.0,flat,rent,45.0,True,2,1,Madrid,Madrid,7720.0,good,False,3,Villaverde,False,desconocido,0.1344086021505376,0.1336039565348412,1.0,1.0,1.0,1.0,1.0,1.0,1.0,1.0,1.0,1.0,1.0,1.0,1.0,1.0,1.0,1.0,-1.0,-1.0,1.0,-1.0,-1.0
168,740.0,flat,rent,60.0,True,2,1,Madrid,Madrid,6670.0,good,False,1,Villaverde,True,desconocido,0.2150537634408602,0.1149912254267633,1.0,1.0,1.0,1.0,1.0,1.0,1.0,1.0,1.0,1.0,1.0,1.0,1.0,1.0,-1.0,1.0,-1.0,-1.0,1.0,-1.0,-1.0
169,730.0,studio,rent,45.0,False,0,1,Madrid,Madrid,854.0,good,False,desconocido,Centro,True,desconocido,0.1344086021505376,0.0118944214985907,1.0,1.0,1.0,1.0,1.0,1.0,1.0,1.0,1.0,1.0,1.0,1.0,1.0,1.0,1.0,1.0,1.0,1.0,1.0,1.0,1.0
170,620.0,flat,rent,75.0,True,3,1,Madrid,Parla,21044.0,good,False,desconocido,Reyes,True,desconocido,0.2956989247311828,0.3697906510910606,1.0,1.0,1.0,1.0,1.0,1.0,1.0,1.0,1.0,1.0,1.0,1.0,1.0,1.0,1.0,1.0,1.0,1.0,1.0,1.0,1.0
171,695.0,flat,rent,67.0,True,2,1,Madrid,Fuenlabrada,16111.0,good,False,desconocido,Sudeste Industrial,False,desconocido,0.2526881720430107,0.2823462677042526,1.0,1.0,1.0,1.0,1.0,1.0,1.0,1.0,1.0,1.0,1.0,1.0,1.0,1.0,1.0,1.0,1.0,1.0,-1.0,-1.0,1.0
172,650.0,flat,rent,95.0,True,3,1,Madrid,Navalcarnero,29884.0,good,False,desconocido,Centro,True,desconocido,0.4032258064516129,0.5264921206104977,1.0,1.0,1.0,1.0,1.0,1.0,1.0,1.0,1.0,1.0,1.0,1.0,1.0,1.0,1.0,1.0,1.0,1.0,1.0,1.0,1.0
173,675.0,flat,rent,68.0,True,2,1,Madrid,Alcalá de Henares,30461.0,good,False,desconocido,Juan de Austria,True,desconocido,0.2580645161290322,0.536720259514651,1.0,1.0,1.0,1.0,1.0,1.0,1.0,1.0,1.0,1.0,1.0,1.0,1.0,1.0,1.0,1.0,1.0,1.0,1.0,1.0,-1.0
174,695.0,flat,rent,65.0,True,2,1,Madrid,Madrid,8484.0,good,False,desconocido,Vicálvaro,False,desconocido,0.2419354838709677,0.1471469342172903,1.0,1.0,1.0,1.0,1.0,1.0,1.0,1.0,1.0,1.0,1.0,1.0,1.0,1.0,1.0,1.0,1.0,1.0,-1.0,-1.0,1.0
175,750.0,flat,rent,111.0,True,2,2,Madrid,Parla,20583.0,good,False,6,Centro,True,desconocido,0.489247311827957,0.3616187758140854,1.0,1.0,1.0,1.0,1.0,1.0,1.0,1.0,-1.0,1.0,1.0,-1.0,1.0,1.0,1.0,1.0,1.0,1.0,1.0,1.0,1.0
176,675.0,flat,rent,35.0,False,1,1,Madrid,Madrid,1016.0,desconocido,desconocido,desconocido,desconocido,desconocido,desconocido,0.0806451612903225,0.0147661000124084,1.0,1.0,1.0,1.0,1.0,1.0,1.0,1.0,1.0,1.0,1.0,1.0,1.0,1.0,1.0,1.0,1.0,1.0,1.0,1.0,-1.0
177,730.0,flat,rent,60.0,False,3,1,Madrid,Parla,20756.0,good,False,3,Reyes,False,desconocido,0.2150537634408602,0.3646854448442734,1.0,1.0,1.0,1.0,1.0,1.0,1.0,1.0,1.0,1.0,1.0,1.0,1.0,1.0,1.0,1.0,1.0,1.0,1.0,1.0,1.0
178,690.0,flat,rent,85.0,True,2,1,Madrid,Parla,20804.0,good,False,desconocido,Reyes,True,desconocido,0.3494623655913978,0.3655363125520713,1.0,1.0,1.0,1.0,1.0,1.0,1.0,1.0,1.0,1.0,1.0,1.0,1.0,1.0,1.0,1.0,1.0,1.0,1.0,1.0,1.0
179,750.0,flat,rent,45.0,False,1,1,Madrid,Madrid,5089.0,good,False,bj,Tetuán,False,desconocido,0.1344086021505376,0.0869657703011717,1.0,1.0,1.0,1.0,1.0,1.0,1.0,1.0,1.0,1.0,1.0,1.0,1.0,1.0,1.0,1.0,1.0,1.0,1.0,1.0,1.0
180,600.0,studio,rent,32.0,True,0,1,Madrid,Madrid,6325.0,good,False,1,San Blas,True,desconocido,0.064516129032258,0.1088756137769663,1.0,1.0,1.0,1.0,1.0,1.0,1.0,1.0,1.0,1.0,1.0,1.0,1.0,1.0,1.0,1.0,1.0,1.0,1.0,1.0,1.0
181,723.0,studio,rent,25.0,True,0,1,Madrid,Rivas-Vaciamadrid,16775.0,newdevelopment,True,desconocido,Rivas Futura,True,"{'hasParkingSpace': True, 'isParkingSpaceIncludedInPrice': True}",0.0268817204301075,0.2941166043287894,1.0,1.0,1.0,1.0,1.0,1.0,1.0,1.0,1.0,1.0,1.0,1.0,1.0,1.0,1.0,1.0,1.0,1.0,1.0,1.0,1.0
182,725.0,flat,rent,50.0,True,1,1,Madrid,Madrid,10503.0,good,False,1,San Blas,True,"{'hasParkingSpace': True, 'isParkingSpaceIncludedInPrice': True}",0.1612903225806451,0.1829365571765373,1.0,1.0,1.0,1.0,1.0,1.0,1.0,1.0,1.0,1.0,1.0,1.0,1.0,1.0,1.0,1.0,1.0,1.0,1.0,1.0,1.0
183,750.0,flat,rent,67.0,True,3,1,Madrid,Getafe,11657.0,desconocido,desconocido,desconocido,desconocido,desconocido,desconocido,0.2526881720430107,0.2033928349848439,1.0,1.0,1.0,1.0,1.0,1.0,1.0,1.0,1.0,1.0,1.0,1.0,1.0,1.0,1.0,1.0,1.0,1.0,1.0,1.0,1.0
184,600.0,flat,rent,45.0,True,2,1,Madrid,Mataelpino,41003.0,desconocido,desconocido,desconocido,desconocido,desconocido,desconocido,0.1344086021505376,0.7235920798397533,1.0,1.0,1.0,1.0,1.0,1.0,1.0,1.0,-1.0,1.0,1.0,1.0,1.0,1.0,1.0,1.0,1.0,1.0,1.0,1.0,1.0
185,750.0,flat,rent,70.0,True,3,1,Madrid,San Fernando de Henares,14642.0,good,False,2,Montserrat - Parque Empresarial,False,desconocido,0.2688172043010753,0.2563061705635225,1.0,1.0,1.0,1.0,1.0,1.0,1.0,1.0,1.0,1.0,1.0,1.0,1.0,1.0,1.0,1.0,1.0,1.0,1.0,1.0,1.0
186,450.0,penthouse,rent,60.0,True,1,1,Madrid,Villa del Prado,53238.0,good,False,desconocido,desconocido,False,desconocido,0.2150537634408602,0.940474713275309,1.0,-1.0,-1.0,-1.0,-1.0,-1.0,-1.0,-1.0,-1.0,-1.0,-1.0,-1.0,1.0,1.0,1.0,1.0,1.0,1.0,1.0,1.0,-1.0
187,720.0,flat,rent,54.0,True,1,1,Madrid,Madrid,3296.0,good,False,bj,Carabanchel,False,desconocido,0.1827956989247312,0.0551823161328062,1.0,1.0,1.0,1.0,1.0,1.0,1.0,1.0,1.0,1.0,1.0,1.0,1.0,1.0,1.0,1.0,1.0,1.0,1.0,1.0,1.0
188,550.0,penthouse,rent,75.0,True,2,2,Madrid,Villa del Prado,53247.0,good,False,desconocido,desconocido,False,desconocido,0.2956989247311828,0.9406342509705212,1.0,1.0,1.0,1.0,-1.0,-1.0,-1.0,-1.0,-1.0,-1.0,-1.0,-1.0,1.0,1.0,1.0,1.0,1.0,1.0,1.0,1.0,1.0
189,720.0,flat,rent,49.0,False,3,1,Madrid,Madrid,8411.0,good,False,3,Villaverde,False,desconocido,0.1559139784946236,0.1458529062450144,1.0,1.0,1.0,1.0,1.0,1.0,1.0,1.0,1.0,1.0,1.0,1.0,1.0,1.0,1.0,1.0,1.0,1.0,1.0,1.0,1.0
190,740.0,flat,rent,65.0,True,3,1,Madrid,Madrid,8443.0,good,False,1,Vicálvaro,True,desconocido,0.2419354838709677,0.1464201513835463,1.0,1.0,1.0,1.0,1.0,1.0,1.0,1.0,1.0,1.0,1.0,1.0,1.0,1.0,1.0,1.0,-1.0,-1.0,1.0,-1.0,-1.0
191,660.0,flat,rent,155.0,False,3,2,Madrid,Aranjuez,41119.0,desconocido,desconocido,desconocido,desconocido,desconocido,desconocido,0.7258064516129032,0.7256483434669314,1.0,1.0,1.0,1.0,-1.0,-1.0,-1.0,-1.0,-1.0,-1.0,-1.0,-1.0,1.0,1.0,1.0,-1.0,1.0,1.0,-1.0,1.0,1.0
192,720.0,flat,rent,56.0,False,2,1,Madrid,Madrid,6691.0,good,False,4,Villaverde,False,desconocido,0.1935483870967742,0.1153634800489249,1.0,1.0,1.0,1.0,1.0,1.0,1.0,1.0,1.0,1.0,1.0,1.0,1.0,1.0,1.0,1.0,1.0,1.0,1.0,1.0,1.0
193,650.0,flat,rent,31.0,False,1,1,Madrid,Madrid,1207.0,good,False,3,Centro,False,desconocido,0.0591397849462365,0.0181518444330207,1.0,1.0,1.0,1.0,1.0,1.0,1.0,1.0,1.0,1.0,1.0,1.0,1.0,1.0,1.0,1.0,1.0,1.0,1.0,1.0,1.0
194,650.0,flat,rent,96.0,True,2,1,Madrid,Aranjuez,43953.0,good,False,3,Nuevo Aranjuez-Ciudad de las Artes,False,desconocido,0.4086021505376344,0.7758849910481628,1.0,1.0,1.0,1.0,1.0,1.0,1.0,1.0,-1.0,1.0,1.0,1.0,1.0,1.0,1.0,1.0,1.0,1.0,1.0,1.0,1.0
195,660.0,flat,rent,168.0,False,4,2,Madrid,Aranjuez,41221.0,good,False,3,La Montaña-El Cortijo,True,"{'hasParkingSpace': True, 'isParkingSpaceIncludedInPrice': True}",0.7956989247311829,0.7274564373460018,1.0,1.0,1.0,1.0,-1.0,-1.0,-1.0,-1.0,-1.0,-1.0,-1.0,-1.0,1.0,1.0,1.0,-1.0,1.0,1.0,-1.0,1.0,1.0
196,690.0,flat,rent,64.0,True,2,1,Madrid,Alcalá de Henares,30634.0,good,False,bj,Val,False,desconocido,0.2365591397849462,0.539786928544839,1.0,1.0,1.0,1.0,1.0,1.0,1.0,1.0,1.0,1.0,1.0,1.0,1.0,1.0,1.0,1.0,1.0,1.0,1.0,1.0,1.0
197,750.0,studio,rent,25.0,True,0,1,Madrid,Madrid,3177.0,good,False,5,Barrio de Salamanca,True,desconocido,0.0268817204301075,0.0530728732738907,1.0,1.0,1.0,1.0,1.0,1.0,1.0,1.0,1.0,1.0,1.0,1.0,1.0,1.0,1.0,1.0,1.0,1.0,1.0,1.0,1.0
198,725.0,flat,rent,45.0,True,1,1,Madrid,Madrid,10508.0,good,False,2,San Blas,True,"{'hasParkingSpace': True, 'isParkingSpaceIncludedInPrice': True}",0.1344086021505376,0.1830251892294329,1.0,1.0,1.0,1.0,1.0,1.0,1.0,1.0,1.0,1.0,1.0,1.0,1.0,1.0,1.0,1.0,1.0,1.0,1.0,1.0,1.0
199,620.0,flat,rent,85.0,False,1,1,Madrid,Pinto,19767.0,good,False,bj,San José - Buenos Aires,True,"{'hasParkingSpace': True, 'isParkingSpaceIncludedInPrice': True}",0.3494623655913978,0.3471540247815219,1.0,1.0,1.0,1.0,1.0,1.0,1.0,1.0,1.0,1.0,1.0,1.0,1.0,1.0,1.0,1.0,1.0,1.0,1.0,1.0,1.0
200,590.0,flat,rent,52.0,True,1,1,Madrid,Los Molinos,44526.0,good,False,bj,desconocido,False,desconocido,0.1720430107526881,0.7860422243099996,1.0,1.0,1.0,1.0,1.0,1.0,1.0,1.0,-1.0,-1.0,-1.0,-1.0,1.0,1.0,1.0,1.0,1.0,1.0,1.0,1.0,1.0
201,750.0,penthouse,rent,80.0,True,0,1,Madrid,Tres Cantos,20818.0,good,False,1,Zona Industrial,True,"{'hasParkingSpace': True, 'isParkingSpaceIncludedInPrice': True}",0.3225806451612903,0.365784482300179,1.0,1.0,1.0,1.0,1.0,1.0,1.0,1.0,1.0,1.0,1.0,1.0,1.0,1.0,1.0,1.0,1.0,1.0,1.0,1.0,1.0
202,720.0,studio,rent,36.0,True,0,1,Madrid,Madrid,5975.0,good,False,2,Ciudad Lineal,True,"{'hasParkingSpace': True, 'isParkingSpaceIncludedInPrice': True}",0.086021505376344,0.1026713700742736,1.0,1.0,1.0,1.0,1.0,1.0,1.0,1.0,1.0,1.0,1.0,1.0,1.0,1.0,1.0,1.0,1.0,1.0,1.0,1.0,1.0
203,700.0,flat,rent,82.0,True,2,1,Madrid,San Lorenzo de el Escorial,42463.0,good,False,3,Centro - Casco Histórico,False,desconocido,0.3333333333333333,0.7494726392852712,1.0,1.0,1.0,1.0,1.0,1.0,1.0,1.0,1.0,1.0,1.0,1.0,1.0,1.0,1.0,1.0,1.0,1.0,1.0,1.0,1.0
204,692.0,flat,rent,83.0,True,2,2,Madrid,Torrejón de Ardoz,20294.0,newdevelopment,True,desconocido,Suroeste,True,"{'hasParkingSpace': True, 'isParkingSpaceIncludedInPrice': True}",0.3387096774193548,0.3564958431567191,1.0,1.0,1.0,1.0,1.0,1.0,1.0,1.0,1.0,1.0,1.0,1.0,1.0,1.0,1.0,1.0,1.0,1.0,1.0,-1.0,1.0
205,670.0,flat,rent,79.0,True,2,2,Madrid,Torrejón de Ardoz,20294.0,newdevelopment,True,desconocido,Suroeste,True,"{'hasParkingSpace': True, 'isParkingSpaceIncludedInPrice': True}",0.3172043010752688,0.3564958431567191,1.0,1.0,1.0,1.0,1.0,1.0,1.0,1.0,1.0,1.0,1.0,1.0,1.0,1.0,1.0,1.0,1.0,1.0,1.0,1.0,1.0
206,609.0,flat,rent,56.0,True,1,1,Madrid,Alcalá de Henares,30186.0,newdevelopment,True,bj,Espartales,True,desconocido,0.1935483870967742,0.5318454966053925,1.0,1.0,1.0,1.0,1.0,1.0,1.0,1.0,1.0,1.0,1.0,1.0,1.0,1.0,1.0,1.0,1.0,1.0,1.0,1.0,1.0
207,718.0,flat,rent,86.0,True,2,2,Madrid,Torrejón de Ardoz,20294.0,newdevelopment,True,desconocido,Suroeste,True,"{'hasParkingSpace': True, 'isParkingSpaceIncludedInPrice': True}",0.3548387096774194,0.3564958431567191,1.0,1.0,1.0,1.0,1.0,1.0,1.0,1.0,1.0,1.0,1.0,1.0,1.0,1.0,1.0,1.0,1.0,1.0,1.0,1.0,1.0
208,694.0,flat,rent,81.0,True,2,2,Madrid,Torrejón de Ardoz,20294.0,newdevelopment,True,desconocido,Suroeste,True,"{'hasParkingSpace': True, 'isParkingSpaceIncludedInPrice': True}",0.3279569892473118,0.3564958431567191,1.0,1.0,1.0,1.0,1.0,1.0,1.0,1.0,1.0,1.0,1.0,1.0,1.0,1.0,1.0,1.0,1.0,1.0,1.0,1.0,1.0
209,658.0,flat,rent,78.0,True,2,2,Madrid,Torrejón de Ardoz,20294.0,newdevelopment,True,desconocido,Suroeste,True,"{'hasParkingSpace': True, 'isParkingSpaceIncludedInPrice': True}",0.3118279569892473,0.3564958431567191,1.0,1.0,1.0,1.0,1.0,1.0,1.0,1.0,1.0,1.0,1.0,1.0,1.0,1.0,1.0,-1.0,1.0,1.0,-1.0,1.0,1.0
210,750.0,flat,rent,36.0,False,2,1,Madrid,Madrid,3620.0,good,False,2,Tetuán,True,desconocido,0.086021505376344,0.0609256731604417,1.0,1.0,1.0,1.0,1.0,1.0,1.0,1.0,1.0,1.0,1.0,1.0,1.0,1.0,1.0,1.0,1.0,1.0,1.0,1.0,1.0
211,723.0,flat,rent,88.0,True,2,2,Madrid,Torrejón de Ardoz,20294.0,newdevelopment,True,desconocido,Suroeste,True,"{'hasParkingSpace': True, 'isParkingSpaceIncludedInPrice': True}",0.3655913978494624,0.3564958431567191,1.0,1.0,1.0,1.0,1.0,1.0,1.0,1.0,1.0,1.0,1.0,1.0,1.0,1.0,1.0,1.0,1.0,1.0,1.0,1.0,1.0
212,728.0,flat,rent,91.0,True,2,2,Madrid,Torrejón de Ardoz,20294.0,newdevelopment,True,desconocido,Suroeste,True,"{'hasParkingSpace': True, 'isParkingSpaceIncludedInPrice': True}",0.3817204301075269,0.3564958431567191,1.0,1.0,1.0,1.0,1.0,1.0,1.0,1.0,1.0,1.0,1.0,1.0,1.0,1.0,1.0,1.0,1.0,1.0,1.0,1.0,1.0
213,650.0,studio,rent,28.0,True,0,1,Madrid,Madrid,4920.0,good,False,bj,Tetuán,False,desconocido,0.043010752688172,0.0839700069133001,1.0,1.0,1.0,1.0,1.0,1.0,1.0,1.0,1.0,1.0,1.0,1.0,1.0,1.0,1.0,1.0,1.0,1.0,1.0,1.0,1.0
214,750.0,flat,rent,60.0,False,2,1,Madrid,Alcalá de Henares,29663.0,good,False,1,Casco Histórico,False,desconocido,0.2150537634408602,0.5225745838725118,1.0,1.0,1.0,1.0,1.0,1.0,1.0,1.0,1.0,1.0,1.0,1.0,1.0,1.0,1.0,1.0,1.0,1.0,1.0,1.0,1.0
215,735.0,flat,rent,60.0,True,3,1,Madrid,Parla,20886.0,good,False,4,Parque Inlasa,False,desconocido,0.2150537634408602,0.3669898782195593,1.0,1.0,1.0,1.0,1.0,1.0,1.0,1.0,1.0,1.0,1.0,1.0,1.0,1.0,1.0,1.0,1.0,1.0,1.0,1.0,1.0
216,699.0,penthouse,rent,78.0,True,2,1,Madrid,Colmenar Viejo,27684.0,good,False,2,Centro,False,desconocido,0.3118279569892473,0.4874940173364295,1.0,1.0,1.0,1.0,1.0,1.0,1.0,1.0,1.0,1.0,1.0,1.0,1.0,1.0,1.0,1.0,1.0,1.0,1.0,1.0,1.0
217,725.0,flat,rent,67.0,True,3,1,Madrid,Móstoles,17191.0,good,False,4,Centro,False,desconocido,0.2526881720430107,0.3014907911297041,1.0,1.0,1.0,1.0,1.0,1.0,1.0,1.0,1.0,1.0,1.0,1.0,1.0,1.0,1.0,1.0,1.0,1.0,1.0,1.0,1.0
218,740.0,flat,rent,77.0,True,3,2,Madrid,Alcalá de Henares,28385.0,good,False,bj,Reyes Católicos,True,desconocido,0.3064516129032258,0.499920231152394,1.0,1.0,1.0,1.0,1.0,1.0,1.0,1.0,1.0,1.0,1.0,1.0,1.0,1.0,1.0,1.0,-1.0,-1.0,1.0,-1.0,-1.0
219,720.0,flat,rent,73.0,True,1,1,Madrid,Collado Villalba,34761.0,good,False,2,Villalba Estación,True,desconocido,0.2849462365591398,0.6129438250048749,1.0,1.0,1.0,1.0,1.0,1.0,1.0,1.0,1.0,1.0,1.0,1.0,1.0,1.0,1.0,1.0,1.0,1.0,1.0,1.0,1.0
220,750.0,flat,rent,79.0,True,3,1,Madrid,Getafe,11728.0,good,False,en,Universidad,True,desconocido,0.3172043010752688,0.2046514101359615,1.0,1.0,1.0,1.0,1.0,1.0,1.0,1.0,1.0,1.0,1.0,1.0,1.0,1.0,1.0,1.0,1.0,1.0,1.0,1.0,1.0
221,710.0,flat,rent,66.0,True,3,1,Madrid,Parla,20588.0,good,False,4,Parque Inlasa,False,desconocido,0.2473118279569892,0.361707407866981,1.0,1.0,1.0,1.0,1.0,1.0,1.0,1.0,1.0,1.0,1.0,1.0,1.0,1.0,1.0,-1.0,-1.0,1.0,-1.0,-1.0,1.0
222,725.0,flat,rent,62.0,True,2,1,Madrid,Madrid,7748.0,good,False,3,Latina,False,desconocido,0.2258064516129032,0.1341002960310567,1.0,1.0,1.0,1.0,1.0,1.0,1.0,1.0,1.0,1.0,1.0,1.0,1.0,1.0,1.0,1.0,1.0,1.0,1.0,1.0,1.0
223,750.0,flat,rent,46.0,False,1,1,Madrid,Madrid,5680.0,good,False,bj,Carabanchel,False,desconocido,0.1397849462365591,0.0974420789534327,1.0,1.0,1.0,1.0,1.0,1.0,1.0,1.0,1.0,1.0,1.0,1.0,1.0,1.0,1.0,1.0,1.0,1.0,1.0,1.0,1.0
224,750.0,flat,rent,61.0,True,2,1,Madrid,Madrid,3161.0,good,False,1,Carabanchel,True,desconocido,0.2204301075268817,0.0527892507046248,1.0,1.0,1.0,1.0,1.0,1.0,1.0,1.0,1.0,1.0,1.0,1.0,1.0,1.0,1.0,1.0,1.0,1.0,1.0,1.0,1.0
225,730.0,flat,rent,161.0,True,4,1,Madrid,Aranjuez,44159.0,good,False,3,Nuevo Aranjuez-Ciudad de las Artes,False,desconocido,0.7580645161290324,0.7795366316274618,1.0,1.0,1.0,1.0,-1.0,-1.0,-1.0,-1.0,-1.0,-1.0,-1.0,-1.0,1.0,1.0,1.0,1.0,1.0,1.0,1.0,1.0,1.0
226,720.0,flat,rent,110.0,False,2,1,Madrid,Parla,21417.0,good,False,desconocido,Las Américas,True,"{'hasParkingSpace': True, 'isParkingSpaceIncludedInPrice': True}",0.4838709677419355,0.376402602237073,1.0,1.0,1.0,1.0,1.0,1.0,1.0,1.0,-1.0,1.0,1.0,1.0,1.0,1.0,1.0,1.0,1.0,1.0,1.0,1.0,1.0
227,720.0,flat,rent,48.0,False,2,1,Madrid,Madrid,3551.0,good,False,bj,Puente de Vallecas,False,desconocido,0.1505376344086021,0.0597025508304823,1.0,1.0,1.0,1.0,1.0,1.0,1.0,1.0,1.0,1.0,1.0,1.0,1.0,1.0,1.0,1.0,1.0,1.0,1.0,1.0,1.0
228,700.0,flat,rent,57.0,False,2,1,Madrid,Madrid,8410.0,good,False,4,Villaverde,False,desconocido,0.1989247311827957,0.1458351798344353,1.0,1.0,1.0,1.0,1.0,1.0,1.0,1.0,1.0,1.0,1.0,1.0,1.0,1.0,1.0,1.0,1.0,1.0,1.0,1.0,1.0
229,750.0,duplex,rent,75.0,True,2,2,Madrid,Cobeña,24176.0,good,False,1,desconocido,False,desconocido,0.2956989247311828,0.4253097690248701,1.0,1.0,1.0,1.0,1.0,1.0,1.0,1.0,1.0,1.0,1.0,1.0,1.0,1.0,1.0,1.0,1.0,1.0,1.0,1.0,1.0
230,610.0,studio,rent,26.0,False,0,1,Madrid,Madrid,5343.0,good,False,3,Tetuán,True,desconocido,0.032258064516129,0.0914682785882686,1.0,1.0,1.0,1.0,1.0,1.0,1.0,1.0,1.0,1.0,1.0,1.0,1.0,1.0,1.0,1.0,1.0,1.0,1.0,1.0,1.0
231,740.0,flat,rent,52.0,False,2,1,Madrid,Móstoles,17525.0,good,False,4,Centro,False,desconocido,0.1720430107526881,0.3074114122631308,1.0,1.0,1.0,1.0,1.0,1.0,1.0,1.0,1.0,1.0,1.0,1.0,1.0,1.0,1.0,1.0,-1.0,-1.0,1.0,-1.0,-1.0
232,715.0,flat,rent,62.0,True,2,1,Madrid,Colmenar Viejo,26558.0,good,False,bj,San Crispín - La Estación Consorcio,True,"{'hasParkingSpace': True, 'isParkingSpaceIncludedInPrice': True}",0.2258064516129032,0.4675340790243383,1.0,1.0,1.0,1.0,1.0,1.0,1.0,1.0,1.0,1.0,1.0,1.0,1.0,1.0,1.0,-1.0,1.0,1.0,-1.0,1.0,1.0
233,550.0,flat,rent,57.0,False,2,1,Madrid,Aranjuez,43521.0,good,False,bj,Foso-Moreras,False,desconocido,0.1989247311827957,0.7682271816779821,1.0,1.0,1.0,1.0,1.0,1.0,1.0,1.0,-1.0,-1.0,-1.0,-1.0,1.0,1.0,1.0,1.0,1.0,1.0,1.0,1.0,1.0
234,710.0,flat,rent,36.0,True,1,1,Madrid,Madrid,1315.0,good,False,bj,Arganzuela,False,desconocido,0.086021505376344,0.0200662967755659,1.0,1.0,1.0,1.0,1.0,1.0,1.0,1.0,1.0,1.0,1.0,1.0,-1.0,1.0,1.0,-1.0,1.0,1.0,-1.0,-1.0,1.0
235,730.0,flat,rent,51.0,True,2,1,Madrid,Madrid,8093.0,good,False,2,Villaverde,False,desconocido,0.1666666666666666,0.1402159076808537,1.0,1.0,1.0,1.0,1.0,1.0,1.0,1.0,1.0,1.0,1.0,1.0,1.0,1.0,1.0,1.0,1.0,1.0,1.0,1.0,1.0
236,750.0,studio,rent,23.0,True,0,1,Madrid,Madrid,1367.0,good,False,8,Centro,True,desconocido,0.0161290322580645,0.0209880701256802,1.0,1.0,1.0,1.0,1.0,1.0,1.0,1.0,1.0,1.0,1.0,1.0,1.0,1.0,1.0,1.0,1.0,1.0,1.0,1.0,1.0
237,690.0,flat,rent,33.0,False,1,1,Madrid,Madrid,5232.0,good,False,3,Tetuán,True,desconocido,0.0698924731182795,0.0895006470139861,1.0,1.0,1.0,1.0,1.0,1.0,1.0,1.0,1.0,1.0,1.0,1.0,1.0,1.0,1.0,1.0,1.0,1.0,1.0,1.0,1.0
238,740.0,flat,rent,73.0,True,3,1,Madrid,Parla,21838.0,good,False,4,Fuentebella-San Felix-El Leguario,True,desconocido,0.2849462365591398,0.3838654210908833,1.0,1.0,1.0,1.0,1.0,1.0,1.0,1.0,1.0,1.0,1.0,1.0,1.0,1.0,1.0,1.0,-1.0,-1.0,1.0,-1.0,-1.0
239,750.0,duplex,rent,66.0,True,1,1,Madrid,Madrid,5627.0,good,False,bj,Tetuán,True,desconocido,0.2473118279569892,0.0965025791927392,1.0,1.0,1.0,1.0,1.0,1.0,1.0,1.0,1.0,1.0,1.0,1.0,1.0,1.0,1.0,1.0,1.0,1.0,1.0,1.0,1.0
240,720.0,flat,rent,44.0,False,3,1,Madrid,Madrid,8176.0,good,False,2,Villaverde,False,desconocido,0.1290322580645161,0.1416871997589208,1.0,1.0,1.0,1.0,1.0,1.0,1.0,1.0,1.0,1.0,1.0,1.0,1.0,1.0,1.0,1.0,1.0,1.0,1.0,1.0,1.0
241,475.0,flat,rent,79.0,True,2,2,Madrid,Navalafuente,45077.0,good,False,2,desconocido,True,desconocido,0.3172043010752688,0.7958094765390956,1.0,1.0,1.0,1.0,-1.0,-1.0,-1.0,-1.0,-1.0,-1.0,-1.0,-1.0,1.0,1.0,1.0,1.0,1.0,1.0,1.0,1.0,-1.0
242,740.0,flat,rent,41.0,True,2,1,Madrid,Madrid,4787.0,good,False,2,Puente de Vallecas,False,desconocido,0.1129032258064516,0.0816123943062769,1.0,1.0,1.0,1.0,1.0,1.0,1.0,1.0,1.0,1.0,1.0,1.0,1.0,-1.0,-1.0,1.0,-1.0,-1.0,1.0,-1.0,-1.0
243,740.0,flat,rent,57.0,True,1,1,Madrid,Madrid,3642.0,good,False,1,Latina,True,desconocido,0.1989247311827957,0.0613156541931824,1.0,1.0,1.0,1.0,1.0,1.0,1.0,1.0,1.0,1.0,1.0,1.0,1.0,-1.0,-1.0,1.0,-1.0,-1.0,1.0,-1.0,-1.0
244,740.0,flat,rent,62.0,True,2,1,Madrid,Colmenar Viejo,26890.0,good,False,1,San Crispín - La Estación Consorcio,True,"{'hasParkingSpace': True, 'isParkingSpaceIncludedInPrice': True}",0.2258064516129032,0.4734192473366068,1.0,1.0,1.0,1.0,1.0,1.0,1.0,1.0,1.0,1.0,1.0,1.0,1.0,1.0,1.0,1.0,-1.0,-1.0,1.0,-1.0,-1.0
245,700.0,flat,rent,74.0,False,2,1,Madrid,Getafe,9950.0,good,False,4,Getafe norte,False,desconocido,0.2903225806451613,0.1731338521262829,1.0,1.0,1.0,1.0,1.0,1.0,1.0,1.0,1.0,1.0,1.0,1.0,1.0,1.0,1.0,1.0,1.0,1.0,1.0,1.0,1.0
246,730.0,flat,rent,35.0,False,1,1,Madrid,Madrid,760.0,good,False,2,Centro,True,desconocido,0.0806451612903225,0.0102281389041532,1.0,1.0,1.0,1.0,1.0,1.0,1.0,1.0,1.0,1.0,1.0,1.0,1.0,1.0,1.0,1.0,1.0,1.0,1.0,1.0,1.0
247,700.0,studio,rent,28.0,True,0,1,Madrid,Madrid,9700.0,good,False,3,Fuencarral,True,"{'hasParkingSpace': True, 'isParkingSpaceIncludedInPrice': False, 'parkingSpacePrice': 90.0}",0.043010752688172,0.1687022494815025,1.0,1.0,1.0,1.0,1.0,1.0,1.0,1.0,1.0,1.0,1.0,1.0,1.0,1.0,1.0,1.0,1.0,1.0,1.0,1.0,1.0
248,600.0,chalet,rent,180.0,False,3,2,Madrid,Meco,35543.0,good,False,desconocido,desconocido,desconocido,"{'hasParkingSpace': True, 'isParkingSpaceIncludedInPrice': True}",0.8602150537634409,0.6268058780777481,-1.0,-1.0,-1.0,-1.0,-1.0,-1.0,-1.0,-1.0,-1.0,-1.0,-1.0,-1.0,1.0,1.0,1.0,1.0,1.0,1.0,1.0,1.0,1.0
249,750.0,flat,rent,109.0,True,2,2,Madrid,Valdemoro,24455.0,good,False,3,Hospital,True,"{'hasParkingSpace': True, 'isParkingSpaceIncludedInPrice': True}",0.478494623655914,0.4302554375764451,1.0,1.0,1.0,1.0,1.0,1.0,1.0,1.0,1.0,1.0,1.0,1.0,1.0,1.0,1.0,1.0,1.0,1.0,1.0,1.0,1.0
250,749.0,flat,rent,38.0,True,1,1,Madrid,Madrid,6506.0,good,False,2,Carabanchel,True,"{'hasParkingSpace': True, 'isParkingSpaceIncludedInPrice': True}",0.0967741935483871,0.1120840940917873,1.0,1.0,1.0,1.0,1.0,1.0,1.0,1.0,1.0,1.0,1.0,1.0,1.0,1.0,1.0,-1.0,1.0,-1.0,-1.0,-1.0,-1.0
251,700.0,studio,rent,30.0,False,0,1,Madrid,Madrid,2411.0,good,False,bj,Retiro,True,desconocido,0.053763440860215,0.0394944427702834,1.0,1.0,1.0,1.0,1.0,1.0,1.0,1.0,1.0,1.0,1.0,1.0,1.0,1.0,1.0,1.0,1.0,1.0,1.0,1.0,1.0
252,667.0,flat,rent,70.0,True,1,1,Madrid,Parla,21185.0,good,False,8,Parla Este,True,"{'hasParkingSpace': True, 'isParkingSpaceIncludedInPrice': True}",0.2688172043010753,0.3722900749827167,1.0,1.0,1.0,1.0,1.0,1.0,1.0,1.0,1.0,1.0,1.0,1.0,1.0,1.0,1.0,1.0,1.0,1.0,1.0,1.0,1.0
253,725.0,flat,rent,45.0,False,1,1,Madrid,Madrid,10398.0,good,False,1,San Blas,True,"{'hasParkingSpace': True, 'isParkingSpaceIncludedInPrice': True}",0.1344086021505376,0.1810752840657295,1.0,1.0,1.0,1.0,1.0,1.0,1.0,1.0,1.0,1.0,1.0,1.0,1.0,1.0,1.0,1.0,1.0,1.0,1.0,1.0,1.0
254,550.0,penthouse,rent,70.0,True,3,1,Madrid,Robledo de Chavela,47595.0,good,False,3,desconocido,False,"{'hasParkingSpace': True, 'isParkingSpaceIncludedInPrice': True}",0.2688172043010753,0.8404445783773244,1.0,1.0,1.0,1.0,1.0,1.0,1.0,1.0,-1.0,-1.0,-1.0,-1.0,1.0,1.0,1.0,1.0,1.0,1.0,1.0,1.0,1.0
255,695.0,flat,rent,55.0,True,3,1,Madrid,Parla,19765.0,good,False,4,Villayuventus-Renfe,False,desconocido,0.1881720430107527,0.3471185719603637,1.0,1.0,1.0,1.0,1.0,1.0,1.0,1.0,1.0,1.0,1.0,1.0,1.0,1.0,1.0,1.0,1.0,1.0,-1.0,-1.0,1.0
256,750.0,flat,rent,105.0,True,3,1,Madrid,Campo Real,28810.0,good,False,1,desconocido,False,desconocido,0.456989247311828,0.5074539556485208,1.0,1.0,1.0,1.0,1.0,1.0,1.0,1.0,1.0,1.0,1.0,1.0,1.0,1.0,1.0,1.0,1.0,1.0,1.0,1.0,1.0
257,699.0,flat,rent,52.0,True,1,1,Madrid,Madrid,7092.0,good,False,3,Puente de Vallecas,True,"{'hasParkingSpace': True, 'isParkingSpaceIncludedInPrice': True}",0.1720430107526881,0.1224717706911527,1.0,1.0,1.0,1.0,1.0,1.0,1.0,1.0,1.0,1.0,1.0,1.0,1.0,1.0,1.0,1.0,1.0,1.0,-1.0,1.0,1.0
258,750.0,studio,rent,32.0,True,0,1,Madrid,Madrid,5006.0,good,False,14,Ciudad Lineal,True,desconocido,0.064516129032258,0.0854944782231046,1.0,1.0,1.0,1.0,1.0,1.0,1.0,1.0,1.0,1.0,1.0,1.0,1.0,1.0,1.0,1.0,1.0,1.0,1.0,1.0,1.0
259,730.0,flat,rent,80.0,True,3,1,Madrid,Collado Villalba,35774.0,good,False,4,Carlos Ruiz,False,desconocido,0.3225806451612903,0.6309006789215252,1.0,1.0,1.0,1.0,1.0,1.0,1.0,1.0,1.0,1.0,1.0,1.0,1.0,1.0,1.0,1.0,1.0,1.0,1.0,1.0,1.0
260,710.0,flat,rent,30.0,True,1,1,Madrid,Madrid,1156.0,good,False,bj,Centro,False,desconocido,0.053763440860215,0.0172477974934855,1.0,1.0,1.0,1.0,1.0,1.0,1.0,1.0,1.0,1.0,1.0,1.0,-1.0,1.0,1.0,-1.0,-1.0,1.0,-1.0,-1.0,1.0
261,650.0,flat,rent,58.0,True,1,1,Madrid,Madrid,5924.0,good,False,4,Puente de Vallecas,True,desconocido,0.2043010752688172,0.1017673231347384,1.0,1.0,1.0,1.0,1.0,1.0,1.0,1.0,1.0,1.0,1.0,1.0,1.0,1.0,1.0,1.0,1.0,1.0,1.0,1.0,1.0
262,600.0,countryHouse,rent,60.0,False,2,2,Madrid,Villaviciosa de Odón,23776.0,renew,False,desconocido,Centro,desconocido,desconocido,0.2150537634408602,0.4182192047932214,1.0,1.0,1.0,1.0,1.0,1.0,1.0,1.0,1.0,1.0,1.0,1.0,1.0,1.0,1.0,1.0,1.0,1.0,1.0,1.0,1.0
263,740.0,flat,rent,41.0,True,2,1,Madrid,Madrid,8358.0,good,False,3,Villa de Vallecas,False,desconocido,0.1129032258064516,0.144913406484321,1.0,1.0,1.0,1.0,1.0,1.0,1.0,1.0,1.0,1.0,1.0,1.0,1.0,1.0,1.0,1.0,-1.0,-1.0,1.0,-1.0,-1.0
264,525.0,flat,rent,40.0,True,1,1,Madrid,Aranjuez,43059.0,good,False,3,Foso-Moreras,True,desconocido,0.1075268817204301,0.7600375799904278,1.0,1.0,1.0,1.0,-1.0,-1.0,-1.0,-1.0,-1.0,-1.0,-1.0,-1.0,1.0,1.0,1.0,1.0,1.0,1.0,1.0,1.0,1.0
265,750.0,studio,rent,35.0,True,0,1,Madrid,Madrid,1272.0,good,False,4,Moncloa,False,desconocido,0.0806451612903225,0.0193040611206636,1.0,1.0,1.0,1.0,1.0,1.0,1.0,1.0,1.0,1.0,1.0,1.0,1.0,1.0,1.0,1.0,1.0,1.0,1.0,1.0,1.0
266,750.0,flat,rent,74.0,True,3,1,Madrid,Alcalá de Henares,29245.0,good,False,2,Chorrillo,True,desconocido,0.2903225806451613,0.5151649442504388,1.0,1.0,1.0,1.0,1.0,1.0,1.0,1.0,1.0,1.0,1.0,1.0,1.0,1.0,1.0,1.0,1.0,1.0,1.0,1.0,1.0
267,710.0,flat,rent,69.0,True,3,1,Madrid,Alcalá de Henares,28440.0,good,False,5,Reyes Católicos,True,desconocido,0.2634408602150537,0.5008951837342457,1.0,1.0,1.0,1.0,1.0,1.0,1.0,1.0,1.0,1.0,1.0,1.0,1.0,1.0,1.0,-1.0,1.0,1.0,-1.0,-1.0,1.0
268,560.0,studio,rent,46.0,True,0,1,Madrid,Madrid,3786.0,good,False,bj,Puente de Vallecas,False,desconocido,0.1397849462365591,0.0638682573165759,1.0,1.0,1.0,1.0,1.0,1.0,1.0,1.0,-1.0,-1.0,-1.0,-1.0,1.0,1.0,1.0,1.0,1.0,1.0,1.0,1.0,1.0
269,600.0,flat,rent,42.0,True,1,1,Madrid,Torrejón de Ardoz,18905.0,good,False,bj,Noroeste,False,desconocido,0.1182795698924731,0.3318738588623189,1.0,1.0,1.0,1.0,1.0,1.0,1.0,1.0,1.0,1.0,1.0,1.0,1.0,1.0,1.0,1.0,1.0,1.0,1.0,1.0,1.0
270,720.0,flat,rent,44.0,True,1,1,Madrid,Madrid,3589.0,good,False,ss,Carabanchel,False,desconocido,0.1290322580645161,0.0603761544324889,1.0,1.0,1.0,1.0,1.0,1.0,1.0,1.0,1.0,1.0,1.0,1.0,1.0,1.0,1.0,1.0,1.0,1.0,1.0,1.0,1.0
271,750.0,flat,rent,60.0,True,2,1,Madrid,Madrid,2591.0,good,False,desconocido,Latina,False,desconocido,0.2150537634408602,0.0426851966745253,1.0,1.0,1.0,1.0,1.0,1.0,1.0,1.0,1.0,1.0,1.0,1.0,1.0,1.0,1.0,1.0,1.0,1.0,1.0,1.0,1.0
272,750.0,flat,rent,42.0,False,1,1,Madrid,Madrid,2762.0,good,False,4,Arganzuela,True,desconocido,0.1182795698924731,0.0457164128835552,1.0,1.0,1.0,1.0,1.0,1.0,1.0,1.0,1.0,1.0,1.0,1.0,1.0,1.0,1.0,1.0,1.0,1.0,1.0,1.0,1.0
273,750.0,studio,rent,90.0,True,0,1,Madrid,Madrid,7228.0,good,False,4,San Blas,True,desconocido,0.3763440860215054,0.1248825625299133,1.0,1.0,1.0,1.0,1.0,1.0,1.0,1.0,1.0,1.0,1.0,1.0,1.0,1.0,1.0,1.0,1.0,1.0,1.0,1.0,1.0
274,650.0,studio,rent,45.0,False,0,1,Madrid,Madrid,3807.0,good,False,bj,Chamartín,True,desconocido,0.1344086021505376,0.0642405119387375,1.0,1.0,1.0,1.0,1.0,1.0,1.0,1.0,1.0,1.0,1.0,1.0,1.0,1.0,1.0,1.0,1.0,1.0,1.0,1.0,1.0
275,650.0,flat,rent,59.0,True,1,1,Madrid,Parla,20637.0,good,False,2,El Nido-Las Fuentes,True,desconocido,0.2096774193548387,0.362576001985358,1.0,1.0,1.0,1.0,1.0,1.0,1.0,1.0,1.0,1.0,1.0,1.0,1.0,1.0,1.0,1.0,1.0,1.0,1.0,1.0,1.0
276,670.0,flat,rent,75.0,True,2,1,Madrid,Arganda,27056.0,good,False,3,El Mirador - Grillero,True,"{'hasParkingSpace': True, 'isParkingSpaceIncludedInPrice': True}",0.2956989247311828,0.476361831492741,1.0,1.0,1.0,1.0,1.0,1.0,1.0,1.0,1.0,1.0,1.0,1.0,1.0,1.0,1.0,1.0,1.0,1.0,1.0,1.0,1.0
277,650.0,flat,rent,45.0,True,1,1,Madrid,Getafe,12383.0,newdevelopment,True,2,La Alhóndiga,True,desconocido,0.1344086021505376,0.2162622090652864,1.0,1.0,1.0,1.0,1.0,1.0,1.0,1.0,1.0,1.0,1.0,1.0,1.0,1.0,1.0,1.0,1.0,1.0,1.0,1.0,1.0
278,750.0,flat,rent,32.0,True,1,1,Madrid,Madrid,5339.0,good,False,2,Puente de Vallecas,True,desconocido,0.064516129032258,0.0913973729459521,1.0,1.0,1.0,1.0,1.0,1.0,1.0,1.0,1.0,1.0,1.0,1.0,1.0,1.0,1.0,1.0,1.0,1.0,1.0,1.0,1.0
279,725.0,flat,rent,50.0,True,1,1,Madrid,Madrid,5564.0,desconocido,desconocido,desconocido,desconocido,desconocido,desconocido,0.1612903225806451,0.0953858153262545,1.0,1.0,1.0,1.0,1.0,1.0,1.0,1.0,1.0,1.0,1.0,1.0,1.0,1.0,1.0,1.0,1.0,1.0,1.0,1.0,1.0
280,620.0,studio,rent,20.0,False,0,1,Madrid,Madrid,1893.0,good,False,1,Arganzuela,True,desconocido,0.0,0.0303121620902983,1.0,1.0,1.0,1.0,-1.0,1.0,1.0,1.0,-1.0,-1.0,-1.0,-1.0,1.0,1.0,1.0,1.0,1.0,1.0,1.0,1.0,1.0
281,680.0,flat,rent,35.0,True,1,1,Madrid,Madrid,3308.0,good,False,bj,Carabanchel,False,desconocido,0.0806451612903225,0.0553950330597557,1.0,1.0,1.0,1.0,1.0,1.0,1.0,1.0,1.0,1.0,1.0,1.0,1.0,1.0,1.0,1.0,1.0,1.0,1.0,1.0,-1.0
282,750.0,flat,rent,87.0,True,3,1,Madrid,Coslada,12519.0,good,False,bj,La Espinilla - Parque Blanco,True,desconocido,0.3602150537634409,0.2186730009040469,1.0,1.0,1.0,1.0,1.0,1.0,1.0,1.0,1.0,1.0,1.0,1.0,1.0,1.0,1.0,1.0,1.0,1.0,1.0,1.0,1.0
283,670.0,flat,rent,53.0,True,1,1,Madrid,Getafe,12383.0,newdevelopment,True,1,La Alhóndiga,True,desconocido,0.1774193548387097,0.2162622090652864,1.0,1.0,1.0,1.0,1.0,1.0,1.0,1.0,1.0,1.0,1.0,1.0,1.0,1.0,1.0,1.0,1.0,1.0,1.0,1.0,1.0
284,600.0,flat,rent,75.0,True,3,1,Madrid,Alcalá de Henares,28756.0,desconocido,desconocido,desconocido,desconocido,desconocido,desconocido,0.2956989247311828,0.5064967294772482,1.0,1.0,1.0,1.0,1.0,1.0,1.0,1.0,1.0,1.0,1.0,1.0,1.0,1.0,1.0,1.0,1.0,1.0,1.0,1.0,1.0
285,750.0,flat,rent,70.0,True,2,1,Madrid,Alcorcón,12614.0,good,False,4,Centro,False,"{'hasParkingSpace': True, 'isParkingSpaceIncludedInPrice': False, 'parkingSpacePrice': 15000.0}",0.2688172043010753,0.2203570099090635,1.0,1.0,1.0,1.0,1.0,1.0,1.0,1.0,1.0,1.0,1.0,1.0,1.0,1.0,1.0,1.0,1.0,1.0,1.0,1.0,1.0
286,700.0,flat,rent,36.0,True,2,1,Madrid,Pozuelo de Alarcón,9525.0,good,False,3,Zona Pueblo,False,desconocido,0.086021505376344,0.1656001276301562,1.0,1.0,1.0,1.0,1.0,1.0,1.0,1.0,1.0,1.0,1.0,1.0,1.0,1.0,1.0,1.0,1.0,1.0,1.0,1.0,1.0
287,695.0,flat,rent,58.0,False,1,1,Madrid,Madrid,5659.0,good,False,1,Carabanchel,True,desconocido,0.2043010752688172,0.0970698243312711,1.0,1.0,1.0,1.0,1.0,1.0,1.0,1.0,1.0,1.0,1.0,1.0,1.0,1.0,1.0,1.0,1.0,1.0,-1.0,1.0,1.0
288,710.0,flat,rent,66.0,True,1,1,Madrid,Arganda,25013.0,good,False,2,Centro,True,"{'hasParkingSpace': True, 'isParkingSpaceIncludedInPrice': True}",0.2473118279569892,0.4401467746795951,1.0,1.0,1.0,1.0,1.0,1.0,1.0,1.0,1.0,1.0,1.0,1.0,1.0,1.0,1.0,-1.0,1.0,1.0,-1.0,-1.0,1.0
289,620.0,flat,rent,80.0,True,2,1,Madrid,Bustarviejo,49280.0,good,False,2,desconocido,False,"{'hasParkingSpace': True, 'isParkingSpaceIncludedInPrice': True}",0.3225806451612903,0.8703135802031448,1.0,1.0,1.0,1.0,1.0,1.0,1.0,1.0,-1.0,-1.0,-1.0,-1.0,1.0,1.0,1.0,1.0,1.0,1.0,1.0,1.0,1.0
290,700.0,flat,rent,80.0,True,3,1,Madrid,Collado Mediano,40907.0,good,False,1,desconocido,False,"{'hasParkingSpace': True, 'isParkingSpaceIncludedInPrice': True}",0.3225806451612903,0.7218903444241577,1.0,1.0,1.0,1.0,1.0,1.0,1.0,1.0,1.0,1.0,1.0,1.0,1.0,1.0,1.0,1.0,1.0,1.0,1.0,1.0,1.0
291,715.0,flat,rent,89.0,True,3,1,Madrid,Chinchón,39316.0,good,False,bj,desconocido,False,desconocido,0.3709677419354839,0.6936876251927748,1.0,1.0,1.0,1.0,1.0,1.0,1.0,1.0,1.0,1.0,1.0,1.0,1.0,1.0,1.0,1.0,1.0,1.0,-1.0,1.0,1.0
292,750.0,flat,rent,50.0,True,1,1,Madrid,Madrid,11203.0,good,False,1,Villa de Vallecas,True,"{'hasParkingSpace': True, 'isParkingSpaceIncludedInPrice': True}",0.1612903225806451,0.1953450445819226,1.0,1.0,1.0,1.0,1.0,1.0,1.0,1.0,1.0,1.0,1.0,1.0,1.0,1.0,1.0,1.0,1.0,1.0,1.0,1.0,1.0
293,750.0,flat,rent,45.0,True,1,1,Madrid,Madrid,8426.0,good,False,2,Hortaleza,True,"{'hasParkingSpace': True, 'isParkingSpaceIncludedInPrice': True}",0.1344086021505376,0.1461188024037013,1.0,1.0,1.0,1.0,1.0,1.0,1.0,1.0,1.0,1.0,1.0,1.0,1.0,1.0,1.0,1.0,1.0,1.0,1.0,1.0,1.0
294,550.0,studio,rent,25.0,False,0,1,Madrid,Madrid,4650.0,good,False,bj,Tetuán,False,desconocido,0.0268817204301075,0.0791838760569372,1.0,1.0,1.0,1.0,1.0,-1.0,-1.0,-1.0,-1.0,-1.0,-1.0,-1.0,1.0,1.0,1.0,1.0,1.0,1.0,1.0,1.0,1.0
295,730.0,flat,rent,60.0,True,1,1,Madrid,Colmenar Viejo,27803.0,good,False,desconocido,Centro,False,desconocido,0.2150537634408602,0.489603460195345,1.0,1.0,1.0,1.0,1.0,1.0,1.0,1.0,1.0,1.0,1.0,1.0,1.0,1.0,1.0,1.0,1.0,1.0,1.0,1.0,1.0
296,750.0,penthouse,rent,46.0,True,2,1,Madrid,Madrid,3889.0,good,False,4,Puente de Vallecas,True,desconocido,0.1397849462365591,0.0656940776062255,1.0,1.0,1.0,1.0,1.0,1.0,1.0,1.0,1.0,1.0,1.0,1.0,1.0,1.0,1.0,1.0,1.0,1.0,1.0,1.0,1.0
297,700.0,flat,rent,45.0,True,1,1,Madrid,Coslada,13887.0,good,False,bj,Ciudad 70,False,desconocido,0.1344086021505376,0.2429227305762856,1.0,1.0,1.0,1.0,1.0,1.0,1.0,1.0,1.0,1.0,1.0,1.0,1.0,1.0,1.0,1.0,1.0,1.0,1.0,1.0,1.0
298,680.0,flat,rent,85.0,True,2,1,Madrid,Coslada,13303.0,renew,False,bj,Valleaguado - La Cañada,True,desconocido,0.3494623655913978,0.2325705067980784,1.0,1.0,1.0,1.0,1.0,1.0,1.0,1.0,1.0,1.0,1.0,1.0,1.0,1.0,1.0,1.0,1.0,1.0,1.0,1.0,-1.0
299,600.0,flat,rent,28.0,False,1,1,Madrid,Madrid,4418.0,good,False,4,Tetuán,False,desconocido,0.043010752688172,0.0750713488025809,1.0,1.0,1.0,1.0,1.0,1.0,1.0,1.0,1.0,1.0,1.0,1.0,1.0,1.0,1.0,1.0,1.0,1.0,1.0,1.0,1.0
300,750.0,flat,rent,80.0,True,2,1,Madrid,Colmenarejo,30995.0,good,False,1,desconocido,False,"{'hasParkingSpace': True, 'isParkingSpaceIncludedInPrice': True}",0.3225806451612903,0.546186162763902,1.0,1.0,1.0,1.0,1.0,1.0,1.0,1.0,1.0,1.0,1.0,1.0,1.0,1.0,1.0,1.0,1.0,1.0,1.0,1.0,1.0
301,700.0,flat,rent,62.0,True,1,1,Madrid,Alcorcón,13040.0,good,False,2,Centro,True,desconocido,0.2258064516129032,0.2279084608157694,1.0,1.0,1.0,1.0,1.0,1.0,1.0,1.0,1.0,1.0,1.0,1.0,1.0,1.0,1.0,1.0,1.0,1.0,1.0,1.0,1.0
302,690.0,flat,rent,77.0,True,2,1,Madrid,Madrid,7283.0,good,False,bj,Carabanchel,True,"{'hasParkingSpace': True, 'isParkingSpaceIncludedInPrice': True}",0.3064516129032258,0.125857515111765,1.0,1.0,1.0,1.0,1.0,1.0,1.0,1.0,1.0,1.0,1.0,1.0,1.0,1.0,1.0,1.0,1.0,1.0,1.0,1.0,1.0
303,700.0,flat,rent,50.0,True,1,1,Madrid,Madrid,7844.0,good,False,bj,Fuencarral,False,desconocido,0.1612903225806451,0.1358020314466523,1.0,1.0,1.0,1.0,1.0,1.0,1.0,1.0,1.0,1.0,1.0,1.0,1.0,1.0,1.0,1.0,1.0,1.0,1.0,1.0,1.0
304,750.0,flat,rent,87.0,True,2,1,Madrid,Coslada,13773.0,good,False,5,Ciudad 70,True,desconocido,0.3602150537634409,0.2409019197702657,1.0,1.0,1.0,1.0,1.0,1.0,1.0,1.0,1.0,1.0,1.0,1.0,1.0,1.0,1.0,1.0,1.0,1.0,1.0,1.0,1.0
305,735.0,flat,rent,51.0,True,1,1,Madrid,Getafe,14023.0,good,False,4,Buenavista,True,"{'hasParkingSpace': True, 'isParkingSpaceIncludedInPrice': True}",0.1666666666666666,0.2453335224150462,1.0,1.0,1.0,1.0,1.0,1.0,1.0,1.0,1.0,1.0,1.0,1.0,1.0,1.0,1.0,1.0,1.0,1.0,1.0,1.0,1.0
306,700.0,flat,rent,80.0,True,3,1,Madrid,Móstoles,17777.0,good,False,5,Suroeste,True,desconocido,0.3225806451612903,0.3118784677290695,1.0,1.0,1.0,1.0,1.0,1.0,1.0,1.0,1.0,1.0,1.0,1.0,1.0,1.0,1.0,1.0,1.0,1.0,1.0,1.0,1.0
307,725.0,flat,rent,75.0,True,3,1,Madrid,Fuenlabrada,16247.0,good,False,desconocido,Centro,False,desconocido,0.2956989247311828,0.2847570595430131,1.0,1.0,1.0,1.0,1.0,1.0,1.0,1.0,1.0,1.0,1.0,1.0,1.0,1.0,1.0,1.0,1.0,1.0,1.0,1.0,1.0
308,733.0,flat,rent,68.4,True,2,1,Madrid,Alcalá de Henares,28541.0,good,False,2,Las Sedas - El Olivar,True,"{'hasParkingSpace': True, 'isParkingSpaceIncludedInPrice': True}",0.2602150537634409,0.5026855512027371,1.0,1.0,1.0,1.0,1.0,1.0,1.0,1.0,1.0,1.0,1.0,1.0,1.0,1.0,1.0,1.0,1.0,1.0,1.0,1.0,1.0
309,750.0,flat,rent,36.0,True,1,1,Madrid,Madrid,4237.0,good,False,bj,Ciudad Lineal,True,desconocido,0.086021505376344,0.0718628684877599,1.0,1.0,1.0,1.0,1.0,1.0,1.0,1.0,1.0,1.0,1.0,1.0,1.0,1.0,1.0,1.0,1.0,1.0,1.0,1.0,1.0
310,675.0,flat,rent,69.0,True,2,1,Madrid,Madrid,5656.0,good,False,bj,Latina,False,desconocido,0.2634408602150537,0.0970166450995338,1.0,1.0,1.0,1.0,1.0,1.0,1.0,1.0,1.0,1.0,1.0,1.0,1.0,1.0,1.0,1.0,1.0,1.0,1.0,1.0,-1.0
311,650.0,flat,rent,85.0,True,2,1,Madrid,Guadarrama,43066.0,good,False,2,desconocido,False,desconocido,0.3494623655913978,0.7601616648644817,1.0,1.0,1.0,1.0,1.0,1.0,1.0,1.0,1.0,1.0,1.0,1.0,1.0,1.0,1.0,1.0,1.0,1.0,1.0,1.0,1.0
312,730.0,flat,rent,52.0,True,1,1,Madrid,Madrid,5879.0,good,False,bj,Tetuán,True,desconocido,0.1720430107526881,0.1009696346586779,1.0,1.0,1.0,1.0,1.0,1.0,1.0,1.0,1.0,1.0,1.0,1.0,1.0,1.0,1.0,1.0,1.0,1.0,1.0,1.0,1.0
313,700.0,flat,rent,97.0,True,1,1,Madrid,Loeches,24605.0,good,False,bj,desconocido,True,desconocido,0.413978494623656,0.4329143991633134,1.0,1.0,1.0,1.0,1.0,1.0,1.0,1.0,1.0,1.0,1.0,1.0,1.0,1.0,1.0,1.0,1.0,1.0,1.0,1.0,1.0
314,690.0,studio,rent,38.0,False,0,1,Madrid,Madrid,5798.0,good,False,2,Tetuán,True,"{'hasParkingSpace': True, 'isParkingSpaceIncludedInPrice': True}",0.0967741935483871,0.0995337954017691,1.0,1.0,1.0,1.0,1.0,1.0,1.0,1.0,1.0,1.0,1.0,1.0,1.0,1.0,1.0,1.0,1.0,1.0,1.0,1.0,1.0
315,700.0,flat,rent,70.0,True,2,1,Madrid,Guadarrama,43166.0,good,False,1,desconocido,False,desconocido,0.2688172043010753,0.7619343059223939,1.0,1.0,1.0,1.0,1.0,1.0,1.0,1.0,1.0,1.0,1.0,1.0,1.0,1.0,1.0,1.0,1.0,1.0,1.0,1.0,1.0
316,600.0,duplex,rent,89.0,True,2,2,Madrid,Miraflores de la Sierra,44474.0,good,False,2,desconocido,False,desconocido,0.3709677419354839,0.7851204509598853,1.0,1.0,1.0,1.0,1.0,1.0,1.0,1.0,-1.0,-1.0,-1.0,-1.0,1.0,1.0,1.0,1.0,1.0,1.0,1.0,1.0,1.0
317,700.0,studio,rent,25.0,False,0,1,Madrid,Madrid,691.0,good,False,bj,Centro,False,desconocido,0.0268817204301075,0.0090050165741938,1.0,1.0,1.0,1.0,1.0,1.0,1.0,1.0,1.0,1.0,1.0,1.0,1.0,1.0,1.0,1.0,1.0,1.0,1.0,1.0,1.0
318,690.0,flat,rent,60.0,True,2,1,Madrid,Sevilla la Nueva,29005.0,good,False,bj,desconocido,False,desconocido,0.2150537634408602,0.5109106057114495,1.0,1.0,1.0,1.0,1.0,1.0,1.0,1.0,1.0,1.0,1.0,1.0,1.0,1.0,1.0,1.0,1.0,1.0,1.0,1.0,1.0
319,750.0,duplex,rent,114.0,True,3,3,Madrid,Serranillos del Valle,28099.0,good,False,1,desconocido,False,desconocido,0.5053763440860215,0.4948504777267651,1.0,1.0,1.0,1.0,1.0,1.0,1.0,1.0,1.0,-1.0,-1.0,-1.0,1.0,1.0,1.0,1.0,1.0,1.0,1.0,1.0,1.0
320,700.0,studio,rent,51.0,True,0,1,Madrid,Madrid,8471.0,good,False,bj,Hortaleza,False,desconocido,0.1666666666666666,0.1469164908797617,1.0,1.0,1.0,1.0,1.0,1.0,1.0,1.0,1.0,1.0,1.0,1.0,1.0,1.0,1.0,1.0,1.0,1.0,1.0,1.0,1.0
321,670.0,flat,rent,61.0,True,1,1,Madrid,Collado Villalba,35136.0,good,False,bj,Parque de la Coruña - Las Suertes,True,"{'hasParkingSpace': True, 'isParkingSpaceIncludedInPrice': True}",0.2204301075268817,0.6195912289720455,1.0,1.0,1.0,1.0,1.0,1.0,1.0,1.0,1.0,1.0,1.0,1.0,1.0,1.0,1.0,1.0,1.0,1.0,1.0,1.0,1.0
322,750.0,flat,rent,80.0,True,2,1,Madrid,Valdemoro,25085.0,good,False,4,Zona Estación,True,desconocido,0.3225806451612903,0.4414230762412919,1.0,1.0,1.0,1.0,1.0,1.0,1.0,1.0,1.0,1.0,1.0,1.0,1.0,1.0,1.0,1.0,1.0,1.0,1.0,1.0,1.0
323,740.0,studio,rent,33.0,True,0,1,Madrid,Madrid,8322.0,good,False,bj,Hortaleza,True,desconocido,0.0698924731182795,0.1442752557034726,1.0,1.0,1.0,1.0,1.0,1.0,1.0,1.0,1.0,1.0,1.0,1.0,1.0,-1.0,1.0,1.0,-1.0,-1.0,1.0,-1.0,-1.0
324,750.0,flat,rent,110.0,True,4,2,Madrid,Colmenar Viejo,27976.0,good,False,1,El Mirador,False,desconocido,0.4838709677419355,0.4926701292255331,1.0,1.0,1.0,1.0,1.0,1.0,1.0,1.0,1.0,1.0,1.0,1.0,1.0,1.0,1.0,1.0,1.0,1.0,1.0,1.0,1.0
325,750.0,flat,rent,62.0,True,2,1,Madrid,Madrid,5703.0,good,False,3,Puente de Vallecas,False,desconocido,0.2258064516129032,0.0978497863967525,1.0,1.0,1.0,1.0,1.0,1.0,1.0,1.0,1.0,1.0,1.0,1.0,1.0,1.0,1.0,1.0,1.0,1.0,1.0,1.0,1.0
326,750.0,studio,rent,70.0,True,0,1,Madrid,San Sebastián de los Reyes,16273.0,good,False,bj,Pol. Industrial sur,True,"{'hasParkingSpace': True, 'isParkingSpaceIncludedInPrice': True}",0.2688172043010753,0.2852179462180703,1.0,1.0,1.0,1.0,1.0,1.0,1.0,1.0,1.0,1.0,1.0,1.0,1.0,1.0,1.0,1.0,1.0,1.0,1.0,1.0,1.0
327,650.0,studio,rent,28.0,True,0,1,Madrid,Madrid,5399.0,good,False,bj,Ciudad Lineal,False,desconocido,0.043010752688172,0.0924609575806994,1.0,1.0,1.0,1.0,1.0,1.0,1.0,1.0,1.0,1.0,1.0,1.0,1.0,1.0,1.0,1.0,1.0,1.0,1.0,1.0,1.0
328,625.0,flat,rent,51.0,True,1,1,Madrid,Arganda,25010.0,good,False,2,Centro,True,"{'hasParkingSpace': True, 'isParkingSpaceIncludedInPrice': True}",0.1666666666666666,0.4400935954478577,1.0,1.0,1.0,1.0,1.0,1.0,1.0,1.0,1.0,1.0,1.0,1.0,1.0,1.0,1.0,1.0,1.0,1.0,1.0,1.0,1.0
329,700.0,flat,rent,35.0,True,1,1,Madrid,Madrid,2266.0,good,False,bj,Retiro,True,desconocido,0.0806451612903225,0.0369241132363107,1.0,1.0,1.0,1.0,1.0,1.0,1.0,1.0,1.0,1.0,1.0,1.0,1.0,1.0,1.0,1.0,1.0,1.0,1.0,1.0,1.0
330,750.0,flat,rent,95.0,True,2,2,Madrid,Colmenarejo,30759.0,good,False,1,desconocido,False,desconocido,0.4032258064516129,0.5420027298672292,1.0,1.0,1.0,1.0,1.0,1.0,1.0,1.0,1.0,1.0,1.0,1.0,1.0,1.0,1.0,1.0,1.0,1.0,1.0,1.0,1.0
331,600.0,studio,rent,25.0,False,0,1,Madrid,Madrid,3812.0,good,False,bj,Usera,False,desconocido,0.0268817204301075,0.0643291439916331,1.0,1.0,1.0,1.0,1.0,1.0,1.0,1.0,1.0,1.0,1.0,1.0,1.0,1.0,1.0,1.0,1.0,1.0,1.0,1.0,1.0
332,750.0,flat,rent,89.0,True,2,2,Madrid,Getafe,12878.0,good,False,2,San Isidro,True,desconocido,0.3709677419354839,0.2250367823019517,1.0,1.0,1.0,1.0,1.0,1.0,1.0,1.0,1.0,1.0,1.0,1.0,1.0,1.0,1.0,1.0,1.0,1.0,1.0,1.0,1.0
333,700.0,flat,rent,55.0,True,1,1,Madrid,Valdemorillo,32004.0,good,False,1,Valdemorillo pueblo,True,desconocido,0.1881720430107527,0.564072111038236,1.0,1.0,1.0,1.0,1.0,1.0,1.0,1.0,1.0,1.0,1.0,1.0,1.0,1.0,1.0,1.0,1.0,1.0,1.0,1.0,1.0
334,750.0,flat,rent,90.0,True,3,2,Madrid,Campo Real,28736.0,good,False,2,desconocido,True,"{'hasParkingSpace': True, 'isParkingSpaceIncludedInPrice': True}",0.3763440860215054,0.5061422012656658,1.0,1.0,1.0,1.0,1.0,1.0,1.0,1.0,1.0,1.0,1.0,1.0,1.0,1.0,1.0,1.0,1.0,1.0,1.0,1.0,1.0
335,750.0,flat,rent,48.0,True,2,1,Madrid,Madrid,6832.0,good,False,2,Fuencarral,True,desconocido,0.1505376344086021,0.117862903940581,1.0,1.0,1.0,1.0,1.0,1.0,1.0,1.0,1.0,1.0,1.0,1.0,1.0,1.0,1.0,1.0,1.0,1.0,1.0,1.0,1.0
336,625.0,flat,rent,57.0,True,2,1,Madrid,Aranjuez,43647.0,good,False,bj,Centro,False,desconocido,0.1989247311827957,0.7704607094109515,1.0,1.0,1.0,1.0,1.0,1.0,1.0,1.0,1.0,1.0,1.0,1.0,1.0,1.0,1.0,1.0,1.0,1.0,1.0,1.0,1.0
337,750.0,flat,rent,46.0,True,1,1,Madrid,San Sebastián de los Reyes,16127.0,good,False,1,Centro Urbano,False,"{'hasParkingSpace': True, 'isParkingSpaceIncludedInPrice': True}",0.1397849462365591,0.2826298902735185,1.0,1.0,1.0,1.0,1.0,1.0,1.0,1.0,1.0,1.0,1.0,1.0,1.0,1.0,1.0,1.0,1.0,1.0,1.0,1.0,1.0
338,695.0,flat,rent,59.0,True,1,1,Madrid,Madrid,8595.0,good,False,4,Villaverde,True,"{'hasParkingSpace': True, 'isParkingSpaceIncludedInPrice': True}",0.2096774193548387,0.1491145657915728,1.0,1.0,1.0,1.0,1.0,1.0,1.0,1.0,1.0,1.0,1.0,1.0,1.0,1.0,1.0,1.0,1.0,1.0,-1.0,1.0,1.0
339,450.0,flat,rent,40.0,True,1,1,Madrid,Robledo de Chavela,46273.0,good,False,1,desconocido,False,desconocido,0.1075268817204301,0.8170102635917253,-1.0,1.0,1.0,1.0,-1.0,-1.0,-1.0,-1.0,-1.0,-1.0,-1.0,-1.0,1.0,1.0,1.0,1.0,1.0,1.0,1.0,1.0,-1.0
340,720.0,flat,rent,58.0,True,2,1,Madrid,Alcorcón,13451.0,good,False,bj,Centro,False,desconocido,0.2043010752688172,0.2351940155637885,1.0,1.0,1.0,1.0,1.0,1.0,1.0,1.0,1.0,1.0,1.0,1.0,1.0,1.0,1.0,1.0,1.0,1.0,1.0,1.0,1.0
341,745.0,flat,rent,73.0,True,2,1,Madrid,Alcalá de Henares,28800.0,good,False,2,Las Sedas - El Olivar,True,"{'hasParkingSpace': True, 'isParkingSpaceIncludedInPrice': True}",0.2849462365591398,0.5072766915427296,1.0,1.0,1.0,1.0,1.0,1.0,1.0,1.0,1.0,1.0,1.0,1.0,-1.0,1.0,1.0,-1.0,-1.0,-1.0,-1.0,-1.0,-1.0
342,720.0,flat,rent,69.6,True,2,1,Madrid,Alcalá de Henares,28624.0,good,False,2,Las Sedas - El Olivar,True,"{'hasParkingSpace': True, 'isParkingSpaceIncludedInPrice': True}",0.2666666666666666,0.5041568432808041,1.0,1.0,1.0,1.0,1.0,1.0,1.0,1.0,1.0,1.0,1.0,1.0,1.0,1.0,1.0,1.0,1.0,1.0,1.0,1.0,1.0
343,750.0,flat,rent,55.0,True,2,1,Madrid,Madrid,7462.0,good,False,1,Fuencarral,False,desconocido,0.1881720430107527,0.1290305426054278,1.0,1.0,1.0,1.0,1.0,1.0,1.0,1.0,1.0,1.0,1.0,1.0,1.0,1.0,1.0,1.0,1.0,1.0,1.0,1.0,1.0
344,720.0,studio,rent,48.0,True,0,1,Madrid,Madrid,5808.0,good,False,1,Ciudad Lineal,True,"{'hasParkingSpace': True, 'isParkingSpaceIncludedInPrice': True}",0.1505376344086021,0.0997110595075603,1.0,1.0,1.0,1.0,1.0,1.0,1.0,1.0,1.0,1.0,1.0,1.0,1.0,1.0,1.0,1.0,1.0,1.0,1.0,1.0,1.0
345,725.0,studio,rent,44.0,False,0,1,Madrid,Madrid,1140.0,good,False,8,Centro,True,desconocido,0.1290322580645161,0.0169641749242195,1.0,1.0,1.0,1.0,1.0,1.0,1.0,1.0,1.0,1.0,1.0,1.0,1.0,1.0,1.0,1.0,1.0,1.0,1.0,1.0,1.0
346,750.0,flat,rent,80.0,False,2,1,Madrid,Madrid,8011.0,good,False,5,Villaverde,True,"{'hasParkingSpace': True, 'isParkingSpaceIncludedInPrice': True}",0.3225806451612903,0.1387623420133657,1.0,1.0,1.0,1.0,1.0,1.0,1.0,1.0,1.0,1.0,1.0,1.0,1.0,1.0,1.0,1.0,1.0,1.0,1.0,1.0,1.0
347,550.0,flat,rent,86.0,True,2,1,Madrid,Torrelaguna,47448.0,good,False,1,desconocido,True,desconocido,0.3548387096774194,0.8378387960221936,1.0,1.0,1.0,1.0,-1.0,-1.0,-1.0,-1.0,-1.0,-1.0,-1.0,-1.0,1.0,1.0,1.0,1.0,1.0,1.0,1.0,1.0,1.0
348,640.0,flat,rent,69.0,True,2,1,Madrid,Villalbilla,29311.0,good,False,2,desconocido,True,"{'hasParkingSpace': True, 'isParkingSpaceIncludedInPrice': True}",0.2634408602150537,0.5163348873486608,1.0,1.0,1.0,1.0,1.0,1.0,1.0,1.0,1.0,1.0,1.0,1.0,1.0,1.0,1.0,-1.0,1.0,1.0,-1.0,1.0,1.0
349,700.0,flat,rent,54.0,True,1,1,Madrid,Getafe,11656.0,good,False,1,Getafe Centro,True,desconocido,0.1827956989247312,0.2033751085742648,1.0,1.0,1.0,1.0,1.0,1.0,1.0,1.0,1.0,1.0,1.0,1.0,1.0,1.0,1.0,1.0,1.0,1.0,1.0,1.0,1.0
350,700.0,flat,rent,59.0,True,1,1,Madrid,Madrid,7529.0,good,False,6,Carabanchel,True,"{'hasParkingSpace': True, 'isParkingSpaceIncludedInPrice': True}",0.2096774193548387,0.130218212114229,1.0,1.0,1.0,1.0,1.0,1.0,1.0,1.0,1.0,1.0,1.0,1.0,1.0,1.0,1.0,1.0,1.0,1.0,1.0,1.0,1.0
351,700.0,flat,rent,75.0,True,2,1,Madrid,Alcalá de Henares,30359.0,good,False,1,Pryconsa - Poligono Europa,False,desconocido,0.2956989247311828,0.5349121656355805,1.0,1.0,1.0,1.0,1.0,1.0,1.0,1.0,1.0,1.0,1.0,1.0,1.0,1.0,1.0,1.0,1.0,1.0,1.0,1.0,1.0
352,695.0,flat,rent,62.0,False,2,1,Madrid,Alcobendas,15162.0,good,False,3,Alcobendas Centro,False,desconocido,0.2258064516129032,0.2655239040646659,1.0,1.0,1.0,1.0,1.0,1.0,1.0,1.0,1.0,1.0,1.0,1.0,1.0,1.0,1.0,1.0,1.0,1.0,-1.0,-1.0,1.0
